iso3,country,year,CPI
AFG,Afghanistan,2012,8.0
AFG,Afghanistan,2018,16.0
AFG,Afghanistan,2024,17.0
ALB,Albania,2012,33.0
ALB,Albania,2018,36.0
ALB,Albania,2024,42.0
DZA,Algeria,2012,34.0
DZA,Algeria,2018,35.0
DZA,Algeria,2024,34.0
AGO,Angola,2012,22.0
AGO,Angola,2018,19.0
AGO,Angola,2024,32.0
ARG,Argentina,2012,35.0
ARG,Argentina,2018,40.0
ARG,Argentina,2024,37.0
ARM,Armenia,2012,34.0
ARM,Armenia,2018,35.0
ARM,Armenia,2024,47.0
AUS,Australia,2012,85.0
AUS,Australia,2018,77.0
AUS,Australia,2024,77.0
AUT,Austria,2012,69.0
AUT,Austria,2018,76.0
AUT,Austria,2024,67.0
AZE,Azerbaijan,2012,27.0
AZE,Azerbaijan,2018,25.0
AZE,Azerbaijan,2024,22.0
BHS,Bahamas,2012,71.0
BHS,Bahamas,2018,65.0
BHS,Bahamas,2024,65.0
BHR,Bahrain,2012,51.0
BHR,Bahrain,2018,36.0
BHR,Bahrain,2024,53.0
BGD,Bangladesh,2012,26.0
BGD,Bangladesh,2018,26.0
BGD,Bangladesh,2024,23.0
BRB,Barbados,2012,76.0
BRB,Barbados,2018,68.0
BRB,Barbados,2024,68.0
BLR,Belarus,2012,31.0
BLR,Belarus,2018,44.0
BLR,Belarus,2024,33.0
BEL,Belgium,2012,75.0
BEL,Belgium,2018,75.0
BEL,Belgium,2024,69.0
BEN,Benin,2012,36.0
BEN,Benin,2018,40.0
BEN,Benin,2024,45.0
BTN,Bhutan,2012,63.0
BTN,Bhutan,2018,68.0
BTN,Bhutan,2024,72.0
BOL,Bolivia,2012,34.0
BOL,Bolivia,2018,29.0
BOL,Bolivia,2024,28.0
BIH,Bosnia and Herzegovina,2012,42.0
BIH,Bosnia and Herzegovina,2018,38.0
BIH,Bosnia and Herzegovina,2024,33.0
BWA,Botswana,2012,65.0
BWA,Botswana,2018,61.0
BWA,Botswana,2024,57.0
BRA,Brazil,2012,43.0
BRA,Brazil,2018,35.0
BRA,Brazil,2024,34.0
BRN,Brunei Darussalam,2012,55.0
BRN,Brunei Darussalam,2018,63.0
BGR,Bulgaria,2012,41.0
BGR,Bulgaria,2018,42.0
BGR,Bulgaria,2024,43.0
BFA,Burkina Faso,2012,38.0
BFA,Burkina Faso,2018,41.0
BFA,Burkina Faso,2024,41.0
BDI,Burundi,2012,19.0
BDI,Burundi,2018,17.0
BDI,Burundi,2024,17.0
CPV,Cabo Verde,2012,60.0
CPV,Cabo Verde,2018,57.0
CPV,Cabo Verde,2024,62.0
KHM,Cambodia,2012,22.0
KHM,Cambodia,2018,20.0
KHM,Cambodia,2024,21.0
CMR,Cameroon,2012,26.0
CMR,Cameroon,2018,25.0
CMR,Cameroon,2024,26.0
CAN,Canada,2012,84.0
CAN,Canada,2018,81.0
CAN,Canada,2024,75.0
CAF,Central African Republic,2012,26.0
CAF,Central African Republic,2018,26.0
CAF,Central African Republic,2024,24.0
TCD,Chad,2012,19.0
TCD,Chad,2018,19.0
TCD,Chad,2024,21.0
CHL,Chile,2012,72.0
CHL,Chile,2018,67.0
CHL,Chile,2024,63.0
CHN,China,2012,39.0
CHN,China,2018,39.0
CHN,China,2024,43.0
COL,Colombia,2012,36.0
COL,Colombia,2018,36.0
COL,Colombia,2024,39.0
COM,Comoros,2012,28.0
COM,Comoros,2018,27.0
COM,Comoros,2024,21.0
COG,Congo,2012,26.0
COG,Congo,2018,19.0
COG,Congo,2024,23.0
CRI,Costa Rica,2012,54.0
CRI,Costa Rica,2018,56.0
CRI,Costa Rica,2024,58.0
CIV,Cote d'Ivoire,2012,29.0
CIV,Cote d'Ivoire,2018,35.0
CIV,Cote d'Ivoire,2024,45.0
HRV,Croatia,2012,46.0
HRV,Croatia,2018,48.0
HRV,Croatia,2024,47.0
CUB,Cuba,2012,48.0
CUB,Cuba,2018,47.0
CUB,Cuba,2024,41.0
CYP,Cyprus,2012,66.0
CYP,Cyprus,2018,59.0
CYP,Cyprus,2024,56.0
CZE,Czechia,2012,49.0
CZE,Czechia,2018,59.0
CZE,Czechia,2024,56.0
COD,Democratic Republic of the Congo,2012,21.0
COD,Democratic Republic of the Congo,2018,20.0
COD,Democratic Republic of the Congo,2024,20.0
DNK,Denmark,2012,90.0
DNK,Denmark,2018,88.0
DNK,Denmark,2024,90.0
DJI,Djibouti,2012,36.0
DJI,Djibouti,2018,31.0
DJI,Djibouti,2024,31.0
DMA,Dominica,2012,58.0
DMA,Dominica,2018,57.0
DMA,Dominica,2024,60.0
DOM,Dominican Republic,2012,32.0
DOM,Dominican Republic,2018,30.0
DOM,Dominican Republic,2024,36.0
ECU,Ecuador,2012,32.0
ECU,Ecuador,2018,34.0
ECU,Ecuador,2024,32.0
EGY,Egypt,2012,32.0
EGY,Egypt,2018,35.0
EGY,Egypt,2024,30.0
SLV,El Salvador,2012,38.0
SLV,El Salvador,2018,35.0
SLV,El Salvador,2024,30.0
GNQ,Equatorial Guinea,2012,20.0
GNQ,Equatorial Guinea,2018,16.0
GNQ,Equatorial Guinea,2024,13.0
ERI,Eritrea,2012,25.0
ERI,Eritrea,2018,24.0
ERI,Eritrea,2024,13.0
EST,Estonia,2012,64.0
EST,Estonia,2018,73.0
EST,Estonia,2024,76.0
SWZ,Eswatini,2012,37.0
SWZ,Eswatini,2018,38.0
SWZ,Eswatini,2024,27.0
ETH,Ethiopia,2012,33.0
ETH,Ethiopia,2018,34.0
ETH,Ethiopia,2024,37.0
FJI,Fiji,2024,55.0
FIN,Finland,2012,90.0
FIN,Finland,2018,85.0
FIN,Finland,2024,88.0
FRA,France,2012,71.0
FRA,France,2018,72.0
FRA,France,2024,67.0
GAB,Gabon,2012,35.0
GAB,Gabon,2018,31.0
GAB,Gabon,2024,27.0
GMB,Gambia,2012,34.0
GMB,Gambia,2018,37.0
GMB,Gambia,2024,38.0
GEO,Georgia,2012,52.0
GEO,Georgia,2018,58.0
GEO,Georgia,2024,53.0
DEU,Germany,2012,79.0
DEU,Germany,2018,80.0
DEU,Germany,2024,75.0
GHA,Ghana,2012,45.0
GHA,Ghana,2018,41.0
GHA,Ghana,2024,42.0
GRC,Greece,2012,36.0
GRC,Greece,2018,45.0
GRC,Greece,2024,49.0
GRD,Grenada,2018,52.0
GRD,Grenada,2024,56.0
GTM,Guatemala,2012,33.0
GTM,Guatemala,2018,27.0
GTM,Guatemala,2024,25.0
GIN,Guinea,2012,24.0
GIN,Guinea,2018,28.0
GIN,Guinea,2024,28.0
GNB,Guinea Bissau,2012,25.0
GNB,Guinea Bissau,2018,16.0
GNB,Guinea Bissau,2024,21.0
GUY,Guyana,2012,28.0
GUY,Guyana,2018,37.0
GUY,Guyana,2024,39.0
HTI,Haiti,2012,19.0
HTI,Haiti,2018,20.0
HTI,Haiti,2024,16.0
HND,Honduras,2012,28.0
HND,Honduras,2018,29.0
HND,Honduras,2024,22.0
HKG,Hong Kong,2012,77.0
HKG,Hong Kong,2018,76.0
HKG,Hong Kong,2024,74.0
HUN,Hungary,2012,55.0
HUN,Hungary,2018,46.0
HUN,Hungary,2024,41.0
ISL,Iceland,2012,82.0
ISL,Iceland,2018,76.0
ISL,Iceland,2024,77.0
IND,India,2012,36.0
IND,India,2018,41.0
IND,India,2024,38.0
IDN,Indonesia,2012,32.0
IDN,Indonesia,2018,38.0
IDN,Indonesia,2024,37.0
IRN,Iran,2012,28.0
IRN,Iran,2018,28.0
IRN,Iran,2024,23.0
IRQ,Iraq,2012,18.0
IRQ,Iraq,2018,18.0
IRQ,Iraq,2024,26.0
IRL,Ireland,2012,69.0
IRL,Ireland,2018,73.0
IRL,Ireland,2024,77.0
ISR,Israel,2012,60.0
ISR,Israel,2018,61.0
ISR,Israel,2024,64.0
ITA,Italy,2012,42.0
ITA,Italy,2018,52.0
ITA,Italy,2024,54.0
JAM,Jamaica,2012,38.0
JAM,Jamaica,2018,44.0
JAM,Jamaica,2024,44.0
JPN,Japan,2012,74.0
JPN,Japan,2018,73.0
JPN,Japan,2024,71.0
JOR,Jordan,2012,48.0
JOR,Jordan,2018,49.0
JOR,Jordan,2024,49.0
KAZ,Kazakhstan,2012,28.0
KAZ,Kazakhstan,2018,31.0
KAZ,Kazakhstan,2024,40.0
KEN,Kenya,2012,27.0
KEN,Kenya,2018,27.0
KEN,Kenya,2024,32.0
PRK,"Korea, North",2012,8.0
PRK,"Korea, North",2018,14.0
PRK,"Korea, North",2024,15.0
KOR,"Korea, South",2012,56.0
KOR,"Korea, South",2018,57.0
KOR,"Korea, South",2024,64.0
KSV,Kosovo,2012,34.0
KSV,Kosovo,2018,37.0
KSV,Kosovo,2024,44.0
KWT,Kuwait,2012,44.0
KWT,Kuwait,2018,41.0
KWT,Kuwait,2024,46.0
KGZ,Kyrgyzstan,2012,24.0
KGZ,Kyrgyzstan,2018,29.0
KGZ,Kyrgyzstan,2024,25.0
LAO,Laos,2012,21.0
LAO,Laos,2018,29.0
LAO,Laos,2024,33.0
LVA,Latvia,2012,49.0
LVA,Latvia,2018,58.0
LVA,Latvia,2024,59.0
LBN,Lebanon,2012,30.0
LBN,Lebanon,2018,28.0
LBN,Lebanon,2024,22.0
LSO,Lesotho,2012,45.0
LSO,Lesotho,2018,41.0
LSO,Lesotho,2024,37.0
LBR,Liberia,2012,41.0
LBR,Liberia,2018,32.0
LBR,Liberia,2024,27.0
LBY,Libya,2012,21.0
LBY,Libya,2018,17.0
LBY,Libya,2024,13.0
LTU,Lithuania,2012,54.0
LTU,Lithuania,2018,59.0
LTU,Lithuania,2024,63.0
LUX,Luxembourg,2012,80.0
LUX,Luxembourg,2018,81.0
LUX,Luxembourg,2024,81.0
MDG,Madagascar,2012,32.0
MDG,Madagascar,2018,25.0
MDG,Madagascar,2024,26.0
MWI,Malawi,2012,37.0
MWI,Malawi,2018,32.0
MWI,Malawi,2024,34.0
MYS,Malaysia,2012,49.0
MYS,Malaysia,2018,47.0
MYS,Malaysia,2024,50.0
MDV,Maldives,2018,31.0
MDV,Maldives,2024,38.0
MLI,Mali,2012,34.0
MLI,Mali,2018,32.0
MLI,Mali,2024,27.0
MLT,Malta,2012,57.0
MLT,Malta,2018,54.0
MLT,Malta,2024,46.0
MRT,Mauritania,2012,31.0
MRT,Mauritania,2018,27.0
MRT,Mauritania,2024,30.0
MUS,Mauritius,2012,57.0
MUS,Mauritius,2018,51.0
MUS,Mauritius,2024,51.0
MEX,Mexico,2012,34.0
MEX,Mexico,2018,28.0
MEX,Mexico,2024,26.0
MDA,Moldova,2012,36.0
MDA,Moldova,2018,33.0
MDA,Moldova,2024,43.0
MNG,Mongolia,2012,36.0
MNG,Mongolia,2018,37.0
MNG,Mongolia,2024,33.0
MNE,Montenegro,2012,41.0
MNE,Montenegro,2018,45.0
MNE,Montenegro,2024,46.0
MAR,Morocco,2012,37.0
MAR,Morocco,2018,43.0
MAR,Morocco,2024,37.0
MOZ,Mozambique,2012,31.0
MOZ,Mozambique,2018,23.0
MOZ,Mozambique,2024,25.0
MMR,Myanmar,2012,15.0
MMR,Myanmar,2018,29.0
MMR,Myanmar,2024,16.0
NAM,Namibia,2012,48.0
NAM,Namibia,2018,53.0
NAM,Namibia,2024,49.0
NPL,Nepal,2012,27.0
NPL,Nepal,2018,31.0
NPL,Nepal,2024,34.0
NLD,Netherlands,2012,84.0
NLD,Netherlands,2018,82.0
NLD,Netherlands,2024,78.0
NZL,New Zealand,2012,90.0
NZL,New Zealand,2018,87.0
NZL,New Zealand,2024,83.0
NIC,Nicaragua,2012,29.0
NIC,Nicaragua,2018,25.0
NIC,Nicaragua,2024,14.0
NER,Niger,2012,33.0
NER,Niger,2018,34.0
NER,Niger,2024,34.0
NGA,Nigeria,2012,27.0
NGA,Nigeria,2018,27.0
NGA,Nigeria,2024,26.0
MKD,North Macedonia,2012,43.0
MKD,North Macedonia,2018,37.0
MKD,North Macedonia,2024,40.0
NOR,Norway,2012,85.0
NOR,Norway,2018,84.0
NOR,Norway,2024,81.0
OMN,Oman,2012,47.0
OMN,Oman,2018,52.0
OMN,Oman,2024,55.0
PAK,Pakistan,2012,27.0
PAK,Pakistan,2018,33.0
PAK,Pakistan,2024,27.0
PAN,Panama,2012,38.0
PAN,Panama,2018,37.0
PAN,Panama,2024,33.0
PNG,Papua New Guinea,2012,25.0
PNG,Papua New Guinea,2018,28.0
PNG,Papua New Guinea,2024,31.0
PRY,Paraguay,2012,25.0
PRY,Paraguay,2018,29.0
PRY,Paraguay,2024,24.0
PER,Peru,2012,38.0
PER,Peru,2018,35.0
PER,Peru,2024,31.0
PHL,Philippines,2012,34.0
PHL,Philippines,2018,36.0
PHL,Philippines,2024,33.0
POL,Poland,2012,58.0
POL,Poland,2018,60.0
POL,Poland,2024,53.0
PRT,Portugal,2012,63.0
PRT,Portugal,2018,64.0
PRT,Portugal,2024,57.0
QAT,Qatar,2012,68.0
QAT,Qatar,2018,62.0
QAT,Qatar,2024,59.0
ROU,Romania,2012,44.0
ROU,Romania,2018,47.0
ROU,Romania,2024,46.0
RUS,Russia,2012,28.0
RUS,Russia,2018,28.0
RUS,Russia,2024,22.0
RWA,Rwanda,2012,53.0
RWA,Rwanda,2018,56.0
RWA,Rwanda,2024,57.0
LCA,Saint Lucia,2012,71.0
LCA,Saint Lucia,2018,55.0
LCA,Saint Lucia,2024,59.0
VCT,Saint Vincent and the Grenadines,2012,62.0
VCT,Saint Vincent and the Grenadines,2018,58.0
VCT,Saint Vincent and the Grenadines,2024,63.0
STP,Sao Tome and Principe,2012,42.0
STP,Sao Tome and Principe,2018,46.0
STP,Sao Tome and Principe,2024,45.0
SAU,Saudi Arabia,2012,44.0
SAU,Saudi Arabia,2018,49.0
SAU,Saudi Arabia,2024,59.0
SEN,Senegal,2012,36.0
SEN,Senegal,2018,45.0
SEN,Senegal,2024,45.0
SRB,Serbia,2012,39.0
SRB,Serbia,2018,39.0
SRB,Serbia,2024,35.0
SYC,Seychelles,2012,52.0
SYC,Seychelles,2018,66.0
SYC,Seychelles,2024,72.0
SLE,Sierra Leone,2012,31.0
SLE,Sierra Leone,2018,30.0
SLE,Sierra Leone,2024,33.0
SGP,Singapore,2012,87.0
SGP,Singapore,2018,85.0
SGP,Singapore,2024,84.0
SVK,Slovakia,2012,46.0
SVK,Slovakia,2018,50.0
SVK,Slovakia,2024,49.0
SVN,Slovenia,2012,61.0
SVN,Slovenia,2018,60.0
SVN,Slovenia,2024,60.0
SLB,Solomon Islands,2018,44.0
SLB,Solomon Islands,2024,43.0
SOM,Somalia,2012,8.0
SOM,Somalia,2018,10.0
SOM,Somalia,2024,9.0
ZAF,South Africa,2012,43.0
ZAF,South Africa,2018,43.0
ZAF,South Africa,2024,41.0
SSD,South Sudan,2018,13.0
SSD,South Sudan,2024,8.0
ESP,Spain,2012,65.0
ESP,Spain,2018,58.0
ESP,Spain,2024,56.0
LKA,Sri Lanka,2012,40.0
LKA,Sri Lanka,2018,38.0
LKA,Sri Lanka,2024,32.0
SDN,Sudan,2012,13.0
SDN,Sudan,2018,16.0
SDN,Sudan,2024,15.0
SUR,Suriname,2012,37.0
SUR,Suriname,2018,43.0
SUR,Suriname,2024,40.0
SWE,Sweden,2012,88.0
SWE,Sweden,2018,85.0
SWE,Sweden,2024,80.0
CHE,Switzerland,2012,86.0
CHE,Switzerland,2018,85.0
CHE,Switzerland,2024,81.0
SYR,Syria,2012,26.0
SYR,Syria,2018,13.0
SYR,Syria,2024,12.0
TWN,Taiwan,2012,61.0
TWN,Taiwan,2018,63.0
TWN,Taiwan,2024,67.0
TJK,Tajikistan,2012,22.0
TJK,Tajikistan,2018,25.0
TJK,Tajikistan,2024,19.0
TZA,Tanzania,2012,35.0
TZA,Tanzania,2018,36.0
TZA,Tanzania,2024,41.0
THA,Thailand,2012,37.0
THA,Thailand,2018,36.0
THA,Thailand,2024,34.0
TLS,Timor-Leste,2012,33.0
TLS,Timor-Leste,2018,35.0
TLS,Timor-Leste,2024,44.0
TGO,Togo,2012,30.0
TGO,Togo,2018,30.0
TGO,Togo,2024,32.0
TTO,Trinidad and Tobago,2012,39.0
TTO,Trinidad and Tobago,2018,41.0
TTO,Trinidad and Tobago,2024,41.0
TUN,Tunisia,2012,41.0
TUN,Tunisia,2018,43.0
TUN,Tunisia,2024,39.0
TUR,Turkey,2012,49.0
TUR,Turkey,2018,41.0
TUR,Turkey,2024,34.0
TKM,Turkmenistan,2012,17.0
TKM,Turkmenistan,2018,20.0
TKM,Turkmenistan,2024,17.0
UGA,Uganda,2012,29.0
UGA,Uganda,2018,26.0
UGA,Uganda,2024,26.0
UKR,Ukraine,2012,26.0
UKR,Ukraine,2018,32.0
UKR,Ukraine,2024,35.0
ARE,United Arab Emirates,2012,68.0
ARE,United Arab Emirates,2018,70.0
ARE,United Arab Emirates,2024,68.0
GBR,United Kingdom,2012,74.0
GBR,United Kingdom,2018,80.0
GBR,United Kingdom,2024,71.0
USA,United States of America,2012,73.0
USA,United States of America,2018,71.0
USA,United States of America,2024,65.0
URY,Uruguay,2012,72.0
URY,Uruguay,2018,70.0
URY,Uruguay,2024,76.0
UZB,Uzbekistan,2012,17.0
UZB,Uzbekistan,2018,23.0
UZB,Uzbekistan,2024,32.0
VUT,Vanuatu,2018,46.0
VUT,Vanuatu,2024,50.0
VEN,Venezuela,2012,19.0
VEN,Venezuela,2018,18.0
VEN,Venezuela,2024,10.0
VNM,Vietnam,2012,31.0
VNM,Vietnam,2018,33.0
VNM,Vietnam,2024,40.0
YEM,Yemen,2012,23.0
YEM,Yemen,2018,14.0
YEM,Yemen,2024,13.0
ZMB,Zambia,2012,37.0
ZMB,Zambia,2018,35.0
ZMB,Zambia,2024,39.0
ZWE,Zimbabwe,2012,20.0
ZWE,Zimbabwe,2018,22.0
ZWE,Zimbabwe,2024,21.0
