iso3,country,year,ECI
AFG,AFG,1995,-0.601
AFG,AFG,1996,-0.59
AFG,AFG,1997,-0.255
AFG,AFG,1998,-0.725
AFG,AFG,1999,-0.527
AFG,AFG,2000,-0.453
AFG,AFG,2001,-0.119
AFG,AFG,2002,-0.301
AFG,AFG,2003,-0.199
AFG,AFG,2004,-0.322
AFG,AFG,2005,0.02
AFG,AFG,2006,-0.657
AFG,AFG,2007,-0.738
AFG,AFG,2008,-0.092
AFG,AFG,2009,0.373
AFG,AFG,2010,-0.162
AFG,AFG,2011,-0.918
AFG,AFG,2012,-0.771
AFG,AFG,2013,-0.795
AFG,AFG,2014,-1.027
AFG,AFG,2015,-1.377
AFG,AFG,2016,-1.526
AFG,AFG,2017,-1.418
AFG,AFG,2018,-1.325
AFG,AFG,2019,-1.225
AFG,AFG,2020,-1.154
AFG,AFG,2021,-1.327
AFG,AFG,2022,-1.364
AFG,AFG,2023,-1.277
AFG,AFG,2024,-0.818
ALB,ALB,1995,-0.456
ALB,ALB,1996,-0.226
ALB,ALB,1997,-0.351
ALB,ALB,1998,-0.355
ALB,ALB,1999,-0.3
ALB,ALB,2000,-0.262
ALB,ALB,2001,-0.295
ALB,ALB,2002,-0.194
ALB,ALB,2003,-0.101
ALB,ALB,2004,-0.122
ALB,ALB,2005,-0.134
ALB,ALB,2006,-0.279
ALB,ALB,2007,-0.296
ALB,ALB,2008,0.351
ALB,ALB,2009,0.357
ALB,ALB,2010,-0.374
ALB,ALB,2011,-0.465
ALB,ALB,2012,-0.3
ALB,ALB,2013,-0.264
ALB,ALB,2014,-0.402
ALB,ALB,2015,-0.505
ALB,ALB,2016,-0.428
ALB,ALB,2017,-0.331
ALB,ALB,2018,-0.257
ALB,ALB,2019,-0.292
ALB,ALB,2020,-0.24
ALB,ALB,2021,-0.22
ALB,ALB,2022,-0.279
ALB,ALB,2023,-0.156
ALB,ALB,2024,0.032
DZA,DZA,1995,-0.102
DZA,DZA,1996,-0.244
DZA,DZA,1997,-0.327
DZA,DZA,1998,-0.203
DZA,DZA,1999,-0.085
DZA,DZA,2000,-0.416
DZA,DZA,2001,-0.426
DZA,DZA,2002,-0.389
DZA,DZA,2003,-0.732
DZA,DZA,2004,-0.509
DZA,DZA,2005,-0.367
DZA,DZA,2006,-0.574
DZA,DZA,2007,-0.635
DZA,DZA,2008,-1.006
DZA,DZA,2009,-0.966
DZA,DZA,2010,-1.069
DZA,DZA,2011,-1.384
DZA,DZA,2012,-1.272
DZA,DZA,2013,-1.329
DZA,DZA,2014,-1.5
DZA,DZA,2015,-1.207
DZA,DZA,2016,-0.941
DZA,DZA,2017,-0.979
DZA,DZA,2018,-1.354
DZA,DZA,2019,-1.052
DZA,DZA,2020,-1.063
DZA,DZA,2021,-0.995
DZA,DZA,2022,-0.731
DZA,DZA,2023,-1.055
DZA,DZA,2024,-0.978
AGO,AGO,1995,-2.297
AGO,AGO,1996,-2.459
AGO,AGO,1997,-1.931
AGO,AGO,1998,-1.73
AGO,AGO,1999,-1.84
AGO,AGO,2000,-2.299
AGO,AGO,2001,-2.076
AGO,AGO,2002,-1.728
AGO,AGO,2003,-1.699
AGO,AGO,2004,-0.788
AGO,AGO,2005,-0.995
AGO,AGO,2006,-1.215
AGO,AGO,2007,-1.349
AGO,AGO,2008,-0.892
AGO,AGO,2009,-0.489
AGO,AGO,2010,-1.099
AGO,AGO,2011,-1.131
AGO,AGO,2012,-1.736
AGO,AGO,2013,-2.092
AGO,AGO,2014,-2.133
AGO,AGO,2015,-0.544
AGO,AGO,2016,-0.559
AGO,AGO,2017,-0.988
AGO,AGO,2018,-1.604
AGO,AGO,2019,-1.101
AGO,AGO,2020,-1.117
AGO,AGO,2021,-1.088
AGO,AGO,2022,-0.947
AGO,AGO,2023,-1.161
AGO,AGO,2024,-0.768
AZE,AZE,1995,-0.41
AZE,AZE,1996,0.316
AZE,AZE,1997,0.303
AZE,AZE,1998,0.444
AZE,AZE,1999,0.138
AZE,AZE,2000,-0.11
AZE,AZE,2001,-0.267
AZE,AZE,2002,-0.333
AZE,AZE,2003,-0.244
AZE,AZE,2004,-0.326
AZE,AZE,2005,-0.441
AZE,AZE,2006,-0.433
AZE,AZE,2007,-0.603
AZE,AZE,2008,-0.828
AZE,AZE,2009,-1.062
AZE,AZE,2010,-0.989
AZE,AZE,2011,-0.931
AZE,AZE,2012,-0.986
AZE,AZE,2013,-1.001
AZE,AZE,2014,-1.1
AZE,AZE,2015,-0.823
AZE,AZE,2016,-0.912
AZE,AZE,2017,-0.959
AZE,AZE,2018,-0.831
AZE,AZE,2019,-0.799
AZE,AZE,2020,-0.689
AZE,AZE,2021,-0.766
AZE,AZE,2022,-0.739
AZE,AZE,2023,-0.523
AZE,AZE,2024,-0.417
ARG,ARG,1995,0.618
ARG,ARG,1996,0.557
ARG,ARG,1997,0.546
ARG,ARG,1998,0.564
ARG,ARG,1999,0.611
ARG,ARG,2000,0.662
ARG,ARG,2001,0.607
ARG,ARG,2002,0.577
ARG,ARG,2003,0.551
ARG,ARG,2004,0.538
ARG,ARG,2005,0.584
ARG,ARG,2006,0.553
ARG,ARG,2007,0.532
ARG,ARG,2008,0.575
ARG,ARG,2009,0.482
ARG,ARG,2010,0.453
ARG,ARG,2011,0.427
ARG,ARG,2012,0.417
ARG,ARG,2013,0.411
ARG,ARG,2014,0.413
ARG,ARG,2015,0.367
ARG,ARG,2016,0.179
ARG,ARG,2017,0.175
ARG,ARG,2018,0.068
ARG,ARG,2019,0.063
ARG,ARG,2020,0.022
ARG,ARG,2021,-0.108
ARG,ARG,2022,-0.011
ARG,ARG,2023,0.011
ARG,ARG,2024,-0.053
AUS,AUS,1995,0.768
AUS,AUS,1996,0.762
AUS,AUS,1997,0.701
AUS,AUS,1998,0.654
AUS,AUS,1999,0.657
AUS,AUS,2000,0.652
AUS,AUS,2001,0.648
AUS,AUS,2002,0.643
AUS,AUS,2003,0.657
AUS,AUS,2004,0.594
AUS,AUS,2005,0.566
AUS,AUS,2006,0.565
AUS,AUS,2007,0.556
AUS,AUS,2008,0.471
AUS,AUS,2009,0.448
AUS,AUS,2010,0.328
AUS,AUS,2011,0.371
AUS,AUS,2012,0.35
AUS,AUS,2013,0.292
AUS,AUS,2014,0.252
AUS,AUS,2015,0.262
AUS,AUS,2016,0.241
AUS,AUS,2017,0.144
AUS,AUS,2018,0.151
AUS,AUS,2019,0.203
AUS,AUS,2020,0.21
AUS,AUS,2021,0.083
AUS,AUS,2022,0.108
AUS,AUS,2023,0.091
AUS,AUS,2024,0.131
AUT,AUT,1995,1.458
AUT,AUT,1996,1.432
AUT,AUT,1997,1.37
AUT,AUT,1998,1.376
AUT,AUT,1999,1.365
AUT,AUT,2000,1.442
AUT,AUT,2001,1.409
AUT,AUT,2002,1.455
AUT,AUT,2003,1.449
AUT,AUT,2004,1.402
AUT,AUT,2005,1.342
AUT,AUT,2006,1.34
AUT,AUT,2007,1.368
AUT,AUT,2008,1.354
AUT,AUT,2009,1.371
AUT,AUT,2010,1.413
AUT,AUT,2011,1.429
AUT,AUT,2012,1.384
AUT,AUT,2013,1.402
AUT,AUT,2014,1.439
AUT,AUT,2015,1.466
AUT,AUT,2016,1.444
AUT,AUT,2017,1.412
AUT,AUT,2018,1.4
AUT,AUT,2019,1.376
AUT,AUT,2020,1.364
AUT,AUT,2021,1.369
AUT,AUT,2022,1.362
AUT,AUT,2023,1.37
AUT,AUT,2024,1.249
BHR,BHR,1995,0.441
BHR,BHR,1996,0.336
BHR,BHR,1997,0.321
BHR,BHR,1998,0.346
BHR,BHR,1999,0.302
BHR,BHR,2000,-0.043
BHR,BHR,2001,0.066
BHR,BHR,2002,0.044
BHR,BHR,2003,0.14
BHR,BHR,2004,0.143
BHR,BHR,2005,0.449
BHR,BHR,2006,0.364
BHR,BHR,2007,0.511
BHR,BHR,2008,0.462
BHR,BHR,2009,0.411
BHR,BHR,2010,0.469
BHR,BHR,2011,0.48
BHR,BHR,2012,0.54
BHR,BHR,2013,0.531
BHR,BHR,2014,0.521
BHR,BHR,2015,0.629
BHR,BHR,2016,0.61
BHR,BHR,2017,0.643
BHR,BHR,2018,0.513
BHR,BHR,2019,0.643
BHR,BHR,2020,0.681
BHR,BHR,2021,0.709
BHR,BHR,2022,0.586
BHR,BHR,2023,0.71
BHR,BHR,2024,0.285
BGD,BGD,1995,-0.912
BGD,BGD,1996,-0.93
BGD,BGD,1997,-0.873
BGD,BGD,1998,-0.99
BGD,BGD,1999,-1.151
BGD,BGD,2000,-0.886
BGD,BGD,2001,-0.86
BGD,BGD,2002,-1.019
BGD,BGD,2003,-0.992
BGD,BGD,2004,-0.878
BGD,BGD,2005,-0.884
BGD,BGD,2006,-0.824
BGD,BGD,2007,-0.867
BGD,BGD,2008,-0.854
BGD,BGD,2009,-1.008
BGD,BGD,2010,-0.974
BGD,BGD,2011,-1.181
BGD,BGD,2012,-0.875
BGD,BGD,2013,-0.862
BGD,BGD,2014,-1.065
BGD,BGD,2015,-0.998
BGD,BGD,2016,-0.968
BGD,BGD,2017,-0.576
BGD,BGD,2018,-0.618
BGD,BGD,2019,-0.854
BGD,BGD,2020,-0.664
BGD,BGD,2021,-0.615
BGD,BGD,2022,-0.72
BGD,BGD,2023,-0.63
BGD,BGD,2024,-0.439
ARM,ARM,1995,0.092
ARM,ARM,1996,0.895
ARM,ARM,1997,1.062
ARM,ARM,1998,0.777
ARM,ARM,1999,0.631
ARM,ARM,2000,0.682
ARM,ARM,2001,0.636
ARM,ARM,2002,0.554
ARM,ARM,2003,0.453
ARM,ARM,2004,0.478
ARM,ARM,2005,0.332
ARM,ARM,2006,0.263
ARM,ARM,2007,0.724
ARM,ARM,2008,0.359
ARM,ARM,2009,0.323
ARM,ARM,2010,0.24
ARM,ARM,2011,0.601
ARM,ARM,2012,0.522
ARM,ARM,2013,-0.023
ARM,ARM,2014,-0.022
ARM,ARM,2015,0.08
ARM,ARM,2016,-0.181
ARM,ARM,2017,-0.134
ARM,ARM,2018,0.054
ARM,ARM,2019,0.103
ARM,ARM,2020,0.074
ARM,ARM,2021,0.106
ARM,ARM,2022,0.667
ARM,ARM,2023,0.734
ARM,ARM,2024,0.592
BEL,BEL,1995,1.244
BEL,BEL,1996,1.236
BEL,BEL,1997,1.131
BEL,BEL,1998,1.148
BEL,BEL,1999,1.158
BEL,BEL,2000,1.184
BEL,BEL,2001,1.194
BEL,BEL,2002,1.188
BEL,BEL,2003,1.171
BEL,BEL,2004,1.124
BEL,BEL,2005,1.082
BEL,BEL,2006,1.087
BEL,BEL,2007,1.105
BEL,BEL,2008,1.097
BEL,BEL,2009,1.124
BEL,BEL,2010,1.18
BEL,BEL,2011,1.184
BEL,BEL,2012,1.149
BEL,BEL,2013,1.206
BEL,BEL,2014,1.164
BEL,BEL,2015,1.177
BEL,BEL,2016,1.198
BEL,BEL,2017,1.159
BEL,BEL,2018,1.168
BEL,BEL,2019,1.154
BEL,BEL,2020,1.126
BEL,BEL,2021,1.091
BEL,BEL,2022,1.057
BEL,BEL,2023,1.075
BEL,BEL,2024,0.971
BOL,BOL,1995,-0.852
BOL,BOL,1996,-0.753
BOL,BOL,1997,-0.904
BOL,BOL,1998,-0.744
BOL,BOL,1999,-0.719
BOL,BOL,2000,-0.779
BOL,BOL,2001,-0.82
BOL,BOL,2002,-1.086
BOL,BOL,2003,-0.856
BOL,BOL,2004,-1.131
BOL,BOL,2005,-1.096
BOL,BOL,2006,-1.207
BOL,BOL,2007,-1.268
BOL,BOL,2008,-1.164
BOL,BOL,2009,-1.345
BOL,BOL,2010,-1.276
BOL,BOL,2011,-1.203
BOL,BOL,2012,-0.916
BOL,BOL,2013,-1.285
BOL,BOL,2014,-1.342
BOL,BOL,2015,-1.306
BOL,BOL,2016,-1.318
BOL,BOL,2017,-1.367
BOL,BOL,2018,-1.464
BOL,BOL,2019,-1.295
BOL,BOL,2020,-1.203
BOL,BOL,2021,-1.38
BOL,BOL,2022,-1.357
BOL,BOL,2023,-1.295
BOL,BOL,2024,-1.097
BIH,BIH,1995,0.208
BIH,BIH,1996,0.589
BIH,BIH,1997,0.503
BIH,BIH,1998,0.294
BIH,BIH,1999,0.465
BIH,BIH,2000,0.356
BIH,BIH,2001,0.328
BIH,BIH,2002,0.337
BIH,BIH,2003,0.378
BIH,BIH,2004,0.593
BIH,BIH,2005,0.416
BIH,BIH,2006,0.389
BIH,BIH,2007,0.44
BIH,BIH,2008,0.442
BIH,BIH,2009,0.393
BIH,BIH,2010,0.342
BIH,BIH,2011,0.308
BIH,BIH,2012,0.451
BIH,BIH,2013,0.404
BIH,BIH,2014,0.415
BIH,BIH,2015,0.36
BIH,BIH,2016,0.434
BIH,BIH,2017,0.432
BIH,BIH,2018,0.512
BIH,BIH,2019,0.568
BIH,BIH,2020,0.532
BIH,BIH,2021,0.571
BIH,BIH,2022,0.584
BIH,BIH,2023,0.58
BIH,BIH,2024,0.662
BWA,BWA,2000,-0.382
BWA,BWA,2001,-0.471
BWA,BWA,2002,-0.327
BWA,BWA,2003,-0.558
BWA,BWA,2004,-0.739
BWA,BWA,2005,-0.311
BWA,BWA,2006,-0.248
BWA,BWA,2007,-0.338
BWA,BWA,2008,0.078
BWA,BWA,2009,0.164
BWA,BWA,2010,-0.087
BWA,BWA,2011,-0.273
BWA,BWA,2012,-0.067
BWA,BWA,2013,-0.355
BWA,BWA,2014,-0.206
BWA,BWA,2015,-0.149
BWA,BWA,2016,-0.106
BWA,BWA,2017,0.19
BWA,BWA,2018,-0.141
BWA,BWA,2019,-0.274
BWA,BWA,2020,-0.15
BWA,BWA,2021,-0.416
BWA,BWA,2022,-0.39
BWA,BWA,2023,-0.503
BWA,BWA,2024,-0.31
BRA,BRA,1995,0.816
BRA,BRA,1996,0.816
BRA,BRA,1997,0.807
BRA,BRA,1998,0.845
BRA,BRA,1999,0.84
BRA,BRA,2000,0.905
BRA,BRA,2001,0.805
BRA,BRA,2002,0.843
BRA,BRA,2003,0.805
BRA,BRA,2004,0.741
BRA,BRA,2005,0.75
BRA,BRA,2006,0.75
BRA,BRA,2007,0.723
BRA,BRA,2008,0.691
BRA,BRA,2009,0.672
BRA,BRA,2010,0.762
BRA,BRA,2011,0.71
BRA,BRA,2012,0.669
BRA,BRA,2013,0.693
BRA,BRA,2014,0.642
BRA,BRA,2015,0.653
BRA,BRA,2016,0.647
BRA,BRA,2017,0.605
BRA,BRA,2018,0.532
BRA,BRA,2019,0.481
BRA,BRA,2020,0.384
BRA,BRA,2021,0.358
BRA,BRA,2022,0.432
BRA,BRA,2023,0.379
BRA,BRA,2024,0.349
BGR,BGR,1995,0.628
BGR,BGR,1996,0.727
BGR,BGR,1997,0.682
BGR,BGR,1998,0.617
BGR,BGR,1999,0.529
BGR,BGR,2000,0.555
BGR,BGR,2001,0.568
BGR,BGR,2002,0.543
BGR,BGR,2003,0.561
BGR,BGR,2004,0.529
BGR,BGR,2005,0.544
BGR,BGR,2006,0.562
BGR,BGR,2007,0.555
BGR,BGR,2008,0.569
BGR,BGR,2009,0.504
BGR,BGR,2010,0.511
BGR,BGR,2011,0.567
BGR,BGR,2012,0.664
BGR,BGR,2013,0.664
BGR,BGR,2014,0.646
BGR,BGR,2015,0.652
BGR,BGR,2016,0.699
BGR,BGR,2017,0.667
BGR,BGR,2018,0.714
BGR,BGR,2019,0.703
BGR,BGR,2020,0.738
BGR,BGR,2021,0.748
BGR,BGR,2022,0.748
BGR,BGR,2023,0.807
BGR,BGR,2024,0.785
MMR,MMR,1995,-1.972
MMR,MMR,1996,-1.971
MMR,MMR,1997,-1.83
MMR,MMR,1998,-1.928
MMR,MMR,1999,-1.702
MMR,MMR,2000,-1.843
MMR,MMR,2001,-1.95
MMR,MMR,2002,-1.958
MMR,MMR,2003,-1.856
MMR,MMR,2004,-1.785
MMR,MMR,2005,-1.954
MMR,MMR,2006,-1.972
MMR,MMR,2007,-1.953
MMR,MMR,2008,-2.174
MMR,MMR,2009,-2.306
MMR,MMR,2010,-2.166
MMR,MMR,2011,-1.789
MMR,MMR,2012,-1.58
MMR,MMR,2013,-1.599
MMR,MMR,2014,-1.803
MMR,MMR,2015,-1.569
MMR,MMR,2016,-1.253
MMR,MMR,2017,-1.045
MMR,MMR,2018,-1.007
MMR,MMR,2019,-1.185
MMR,MMR,2020,-1.096
MMR,MMR,2021,-0.897
MMR,MMR,2022,-1.061
MMR,MMR,2023,-1.035
MMR,MMR,2024,-0.943
BLR,BLR,1995,0.683
BLR,BLR,1996,0.87
BLR,BLR,1997,0.797
BLR,BLR,1998,0.941
BLR,BLR,1999,0.854
BLR,BLR,2000,0.802
BLR,BLR,2001,0.935
BLR,BLR,2002,0.981
BLR,BLR,2003,0.965
BLR,BLR,2004,0.938
BLR,BLR,2005,0.942
BLR,BLR,2006,0.964
BLR,BLR,2007,0.977
BLR,BLR,2008,1.052
BLR,BLR,2009,0.949
BLR,BLR,2010,0.985
BLR,BLR,2011,0.954
BLR,BLR,2012,0.979
BLR,BLR,2013,0.946
BLR,BLR,2014,0.906
BLR,BLR,2015,0.855
BLR,BLR,2016,0.864
BLR,BLR,2017,0.903
BLR,BLR,2018,0.884
BLR,BLR,2019,0.892
BLR,BLR,2020,0.911
BLR,BLR,2021,0.884
BLR,BLR,2022,0.804
BLR,BLR,2023,0.841
BLR,BLR,2024,0.751
KHM,KHM,1995,-1.685
KHM,KHM,1996,-1.085
KHM,KHM,1997,-1.528
KHM,KHM,1998,-1.862
KHM,KHM,1999,-1.75
KHM,KHM,2000,-1.37
KHM,KHM,2001,-1.331
KHM,KHM,2002,-1.266
KHM,KHM,2003,-1.263
KHM,KHM,2004,-1.511
KHM,KHM,2005,-1.384
KHM,KHM,2006,-1.129
KHM,KHM,2007,-1.365
KHM,KHM,2008,-1.188
KHM,KHM,2009,-1.377
KHM,KHM,2010,-1.196
KHM,KHM,2011,-1.45
KHM,KHM,2012,-1.125
KHM,KHM,2013,-0.801
KHM,KHM,2014,-0.896
KHM,KHM,2015,-0.557
KHM,KHM,2016,-0.371
KHM,KHM,2017,-0.225
KHM,KHM,2018,-0.327
KHM,KHM,2019,-0.494
KHM,KHM,2020,-0.347
KHM,KHM,2021,-0.138
KHM,KHM,2022,-0.31
KHM,KHM,2023,-0.072
KHM,KHM,2024,0.031
CMR,CMR,1995,-1.257
CMR,CMR,1996,-1.367
CMR,CMR,1997,-1.29
CMR,CMR,1998,-2.199
CMR,CMR,1999,-1.897
CMR,CMR,2000,-1.418
CMR,CMR,2001,-1.349
CMR,CMR,2002,-1.162
CMR,CMR,2003,-0.917
CMR,CMR,2004,-1.256
CMR,CMR,2005,-1.242
CMR,CMR,2006,-1.337
CMR,CMR,2007,-0.829
CMR,CMR,2008,-1.024
CMR,CMR,2009,-0.823
CMR,CMR,2010,-0.871
CMR,CMR,2011,-0.692
CMR,CMR,2012,-1.098
CMR,CMR,2013,-0.879
CMR,CMR,2014,-0.691
CMR,CMR,2015,-0.729
CMR,CMR,2016,-1.046
CMR,CMR,2017,-0.9
CMR,CMR,2018,-1.398
CMR,CMR,2019,-1.234
CMR,CMR,2020,-0.949
CMR,CMR,2021,-1.048
CMR,CMR,2022,-1.213
CMR,CMR,2023,-1.145
CMR,CMR,2024,-1.594
CAN,CAN,1995,1.148
CAN,CAN,1996,1.182
CAN,CAN,1997,1.171
CAN,CAN,1998,1.104
CAN,CAN,1999,1.065
CAN,CAN,2000,1.117
CAN,CAN,2001,1.065
CAN,CAN,2002,1.091
CAN,CAN,2003,1.096
CAN,CAN,2004,1.029
CAN,CAN,2005,1.002
CAN,CAN,2006,0.967
CAN,CAN,2007,0.944
CAN,CAN,2008,0.952
CAN,CAN,2009,0.971
CAN,CAN,2010,1.012
CAN,CAN,2011,1.048
CAN,CAN,2012,0.976
CAN,CAN,2013,0.966
CAN,CAN,2014,0.941
CAN,CAN,2015,0.953
CAN,CAN,2016,0.943
CAN,CAN,2017,0.938
CAN,CAN,2018,0.893
CAN,CAN,2019,0.916
CAN,CAN,2020,0.894
CAN,CAN,2021,0.858
CAN,CAN,2022,0.867
CAN,CAN,2023,0.826
CAN,CAN,2024,0.778
LKA,LKA,1995,-0.9
LKA,LKA,1996,-0.941
LKA,LKA,1997,-0.862
LKA,LKA,1998,-0.863
LKA,LKA,1999,-0.742
LKA,LKA,2000,-0.689
LKA,LKA,2001,-0.586
LKA,LKA,2002,-0.664
LKA,LKA,2003,-0.596
LKA,LKA,2004,-0.479
LKA,LKA,2005,-0.525
LKA,LKA,2006,-0.381
LKA,LKA,2007,-0.502
LKA,LKA,2008,-0.533
LKA,LKA,2009,-0.654
LKA,LKA,2010,-0.596
LKA,LKA,2011,-0.623
LKA,LKA,2012,-0.371
LKA,LKA,2013,-0.478
LKA,LKA,2014,-0.391
LKA,LKA,2015,-0.45
LKA,LKA,2016,-0.402
LKA,LKA,2017,-0.258
LKA,LKA,2018,-0.339
LKA,LKA,2019,-0.322
LKA,LKA,2020,-0.332
LKA,LKA,2021,-0.225
LKA,LKA,2022,-0.227
LKA,LKA,2023,-0.196
LKA,LKA,2024,-0.045
TCD,TCD,1995,-1.521
TCD,TCD,1996,-1.279
TCD,TCD,1997,-0.938
TCD,TCD,1998,-1.206
TCD,TCD,1999,-0.714
TCD,TCD,2000,-1.387
TCD,TCD,2001,-1.136
TCD,TCD,2002,-0.361
TCD,TCD,2003,-1.027
TCD,TCD,2004,-2.066
TCD,TCD,2005,-2.472
TCD,TCD,2006,-2.372
TCD,TCD,2007,-2.316
TCD,TCD,2008,-2.671
TCD,TCD,2009,-1.071
TCD,TCD,2010,-0.783
TCD,TCD,2011,-2.255
TCD,TCD,2012,-2.493
TCD,TCD,2013,-2.85
TCD,TCD,2014,-2.841
TCD,TCD,2015,-2.071
TCD,TCD,2016,-2.293
TCD,TCD,2017,-1.997
TCD,TCD,2018,-2.118
TCD,TCD,2019,-1.63
TCD,TCD,2020,-1.951
TCD,TCD,2021,-2.119
TCD,TCD,2022,-2.507
TCD,TCD,2023,-2.495
TCD,TCD,2024,-3.53
CHL,CHL,1995,0.095
CHL,CHL,1996,0.222
CHL,CHL,1997,0.195
CHL,CHL,1998,0.268
CHL,CHL,1999,0.214
CHL,CHL,2000,0.191
CHL,CHL,2001,0.12
CHL,CHL,2002,0.03
CHL,CHL,2003,0.181
CHL,CHL,2004,0.083
CHL,CHL,2005,0.048
CHL,CHL,2006,0.074
CHL,CHL,2007,-0.058
CHL,CHL,2008,0.07
CHL,CHL,2009,0.004
CHL,CHL,2010,-0.049
CHL,CHL,2011,0.03
CHL,CHL,2012,0.075
CHL,CHL,2013,0.062
CHL,CHL,2014,0.007
CHL,CHL,2015,-0.066
CHL,CHL,2016,-0.147
CHL,CHL,2017,-0.062
CHL,CHL,2018,-0.079
CHL,CHL,2019,-0.059
CHL,CHL,2020,-0.16
CHL,CHL,2021,-0.198
CHL,CHL,2022,-0.163
CHL,CHL,2023,-0.137
CHL,CHL,2024,-0.045
CHN,CHN,1995,0.628
CHN,CHN,1996,0.63
CHN,CHN,1997,0.65
CHN,CHN,1998,0.671
CHN,CHN,1999,0.705
CHN,CHN,2000,0.789
CHN,CHN,2001,0.823
CHN,CHN,2002,0.847
CHN,CHN,2003,0.877
CHN,CHN,2004,0.931
CHN,CHN,2005,0.955
CHN,CHN,2006,0.983
CHN,CHN,2007,1.051
CHN,CHN,2008,1.101
CHN,CHN,2009,1.096
CHN,CHN,2010,1.15
CHN,CHN,2011,1.176
CHN,CHN,2012,1.21
CHN,CHN,2013,1.209
CHN,CHN,2014,1.261
CHN,CHN,2015,1.285
CHN,CHN,2016,1.294
CHN,CHN,2017,1.295
CHN,CHN,2018,1.311
CHN,CHN,2019,1.301
CHN,CHN,2020,1.341
CHN,CHN,2021,1.384
CHN,CHN,2022,1.361
CHN,CHN,2023,1.348
CHN,CHN,2024,1.271
TWN,TWN,1995,1.31
TWN,TWN,1996,1.375
TWN,TWN,1997,1.34
TWN,TWN,1998,1.277
TWN,TWN,1999,1.341
TWN,TWN,2000,1.332
TWN,TWN,2001,1.461
TWN,TWN,2002,1.578
TWN,TWN,2003,1.561
TWN,TWN,2004,1.557
TWN,TWN,2005,1.541
TWN,TWN,2006,1.524
TWN,TWN,2007,1.598
TWN,TWN,2008,1.56
TWN,TWN,2009,1.607
TWN,TWN,2010,1.627
TWN,TWN,2011,1.696
TWN,TWN,2012,1.558
TWN,TWN,2013,1.636
TWN,TWN,2014,1.684
TWN,TWN,2015,1.748
TWN,TWN,2016,1.749
TWN,TWN,2017,1.734
TWN,TWN,2018,1.742
TWN,TWN,2019,1.757
TWN,TWN,2020,1.821
TWN,TWN,2021,1.814
TWN,TWN,2022,1.802
TWN,TWN,2023,1.786
TWN,TWN,2024,1.621
COL,COL,1995,0.272
COL,COL,1996,0.27
COL,COL,1997,0.307
COL,COL,1998,0.312
COL,COL,1999,0.3
COL,COL,2000,0.317
COL,COL,2001,0.364
COL,COL,2002,0.324
COL,COL,2003,0.305
COL,COL,2004,0.238
COL,COL,2005,0.245
COL,COL,2006,0.268
COL,COL,2007,0.193
COL,COL,2008,0.254
COL,COL,2009,0.331
COL,COL,2010,0.294
COL,COL,2011,0.252
COL,COL,2012,0.287
COL,COL,2013,0.295
COL,COL,2014,0.274
COL,COL,2015,0.269
COL,COL,2016,0.228
COL,COL,2017,0.264
COL,COL,2018,0.195
COL,COL,2019,0.14
COL,COL,2020,0.151
COL,COL,2021,0.109
COL,COL,2022,0.142
COL,COL,2023,0.164
COL,COL,2024,0.233
COG,COG,1995,-0.739
COG,COG,1996,-1.63
COG,COG,1997,-2.291
COG,COG,1998,-2.329
COG,COG,1999,-2.166
COG,COG,2000,-2.734
COG,COG,2001,-2.532
COG,COG,2002,-2.508
COG,COG,2003,-2.652
COG,COG,2004,-2.32
COG,COG,2005,-2.407
COG,COG,2006,-2.616
COG,COG,2007,-1.716
COG,COG,2008,-1.509
COG,COG,2009,-1.315
COG,COG,2010,-1.394
COG,COG,2011,-0.816
COG,COG,2012,-1.093
COG,COG,2013,-1.514
COG,COG,2014,-1.25
COG,COG,2015,-1.354
COG,COG,2016,-1.025
COG,COG,2017,-1.261
COG,COG,2018,-1.487
COG,COG,2019,-1.322
COG,COG,2020,-1.682
COG,COG,2021,-1.344
COG,COG,2022,-1.95
COG,COG,2023,-1.592
COG,COG,2024,-2.531
COD,COD,1995,-2.027
COD,COD,1996,-2.023
COD,COD,1997,-2.442
COD,COD,1998,-2.482
COD,COD,1999,-2.664
COD,COD,2000,-1.902
COD,COD,2001,-2.29
COD,COD,2002,-2.11
COD,COD,2003,-2.004
COD,COD,2004,-2.301
COD,COD,2005,-2.243
COD,COD,2006,-1.997
COD,COD,2007,-1.976
COD,COD,2008,-2.162
COD,COD,2009,-2.018
COD,COD,2010,-1.311
COD,COD,2011,-0.258
COD,COD,2012,-1.852
COD,COD,2013,-1.881
COD,COD,2014,-2.316
COD,COD,2015,-1.748
COD,COD,2016,-1.697
COD,COD,2017,-1.667
COD,COD,2018,-2.067
COD,COD,2019,-2.042
COD,COD,2020,-2.125
COD,COD,2021,-2.458
COD,COD,2022,-2.521
COD,COD,2023,-2.45
COD,COD,2024,-3.126
CRI,CRI,1995,-0.264
CRI,CRI,1996,-0.289
CRI,CRI,1997,-0.138
CRI,CRI,1998,-0.18
CRI,CRI,1999,-0.056
CRI,CRI,2000,-0.022
CRI,CRI,2001,0.101
CRI,CRI,2002,-0.002
CRI,CRI,2003,0.06
CRI,CRI,2004,0.1
CRI,CRI,2005,0.081
CRI,CRI,2006,0.212
CRI,CRI,2007,0.195
CRI,CRI,2008,0.191
CRI,CRI,2009,0.099
CRI,CRI,2010,0.209
CRI,CRI,2011,0.178
CRI,CRI,2012,0.291
CRI,CRI,2013,0.334
CRI,CRI,2014,0.318
CRI,CRI,2015,0.248
CRI,CRI,2016,0.227
CRI,CRI,2017,0.206
CRI,CRI,2018,0.229
CRI,CRI,2019,0.257
CRI,CRI,2020,0.166
CRI,CRI,2021,0.178
CRI,CRI,2022,0.157
CRI,CRI,2023,0.231
CRI,CRI,2024,0.334
HRV,HRV,1995,0.733
HRV,HRV,1996,0.761
HRV,HRV,1997,0.695
HRV,HRV,1998,0.669
HRV,HRV,1999,0.663
HRV,HRV,2000,0.67
HRV,HRV,2001,0.654
HRV,HRV,2002,0.682
HRV,HRV,2003,0.679
HRV,HRV,2004,0.721
HRV,HRV,2005,0.751
HRV,HRV,2006,0.748
HRV,HRV,2007,0.735
HRV,HRV,2008,0.819
HRV,HRV,2009,0.764
HRV,HRV,2010,0.795
HRV,HRV,2011,0.822
HRV,HRV,2012,0.864
HRV,HRV,2013,0.866
HRV,HRV,2014,0.815
HRV,HRV,2015,0.828
HRV,HRV,2016,0.851
HRV,HRV,2017,0.853
HRV,HRV,2018,0.871
HRV,HRV,2019,0.879
HRV,HRV,2020,0.868
HRV,HRV,2021,0.874
HRV,HRV,2022,0.916
HRV,HRV,2023,0.845
HRV,HRV,2024,0.823
CUB,CUB,1995,-0.263
CUB,CUB,1996,-0.64
CUB,CUB,1997,-0.448
CUB,CUB,1998,-0.537
CUB,CUB,1999,0.043
CUB,CUB,2000,-0.466
CUB,CUB,2001,-0.299
CUB,CUB,2002,-0.263
CUB,CUB,2003,-0.26
CUB,CUB,2004,-0.18
CUB,CUB,2005,-0.003
CUB,CUB,2006,0.129
CUB,CUB,2007,-0.649
CUB,CUB,2008,-0.443
CUB,CUB,2009,-0.176
CUB,CUB,2010,-0.393
CUB,CUB,2011,-0.285
CUB,CUB,2012,-0.118
CUB,CUB,2013,-0.227
CUB,CUB,2014,-0.801
CUB,CUB,2015,-0.832
CUB,CUB,2016,-0.324
CUB,CUB,2017,-0.575
CUB,CUB,2018,-0.894
CUB,CUB,2019,-0.552
CUB,CUB,2020,-1.035
CUB,CUB,2021,-0.776
CUB,CUB,2022,-0.731
CUB,CUB,2023,-1.34
CUB,CUB,2024,-1.048
CYP,CYP,1995,0.436
CYP,CYP,1996,0.429
CYP,CYP,1997,0.509
CYP,CYP,1998,0.492
CYP,CYP,1999,0.45
CYP,CYP,2000,0.448
CYP,CYP,2001,0.385
CYP,CYP,2002,0.386
CYP,CYP,2003,0.302
CYP,CYP,2004,0.549
CYP,CYP,2005,0.577
CYP,CYP,2006,0.645
CYP,CYP,2007,0.804
CYP,CYP,2008,0.798
CYP,CYP,2009,0.69
CYP,CYP,2010,0.727
CYP,CYP,2011,0.714
CYP,CYP,2012,0.641
CYP,CYP,2013,0.566
CYP,CYP,2014,0.593
CYP,CYP,2015,0.596
CYP,CYP,2016,0.615
CYP,CYP,2017,0.583
CYP,CYP,2018,0.495
CYP,CYP,2019,0.598
CYP,CYP,2020,0.504
CYP,CYP,2021,0.472
CYP,CYP,2022,0.335
CYP,CYP,2023,0.423
CYP,CYP,2024,0.477
CZE,CZE,1995,1.276
CZE,CZE,1996,1.289
CZE,CZE,1997,1.266
CZE,CZE,1998,1.251
CZE,CZE,1999,1.266
CZE,CZE,2000,1.319
CZE,CZE,2001,1.358
CZE,CZE,2002,1.436
CZE,CZE,2003,1.421
CZE,CZE,2004,1.38
CZE,CZE,2005,1.357
CZE,CZE,2006,1.357
CZE,CZE,2007,1.383
CZE,CZE,2008,1.389
CZE,CZE,2009,1.388
CZE,CZE,2010,1.455
CZE,CZE,2011,1.521
CZE,CZE,2012,1.483
CZE,CZE,2013,1.493
CZE,CZE,2014,1.498
CZE,CZE,2015,1.493
CZE,CZE,2016,1.502
CZE,CZE,2017,1.467
CZE,CZE,2018,1.484
CZE,CZE,2019,1.478
CZE,CZE,2020,1.45
CZE,CZE,2021,1.463
CZE,CZE,2022,1.461
CZE,CZE,2023,1.434
CZE,CZE,2024,1.323
BEN,BEN,1995,-0.593
BEN,BEN,1996,-0.606
BEN,BEN,1997,-0.868
BEN,BEN,1998,-1.06
BEN,BEN,1999,-1.198
BEN,BEN,2000,-1.265
BEN,BEN,2001,-1.153
BEN,BEN,2002,-1.211
BEN,BEN,2003,-1.435
BEN,BEN,2004,-1.378
BEN,BEN,2005,-1.179
BEN,BEN,2006,-1.262
BEN,BEN,2007,-1.41
BEN,BEN,2008,-1.394
BEN,BEN,2009,-1.172
BEN,BEN,2010,-1.47
BEN,BEN,2011,-1.611
BEN,BEN,2012,-1.321
BEN,BEN,2013,-1.158
BEN,BEN,2014,-0.748
BEN,BEN,2015,-0.923
BEN,BEN,2016,-1.321
BEN,BEN,2017,-0.836
BEN,BEN,2018,-0.637
BEN,BEN,2019,-1.246
BEN,BEN,2020,-0.899
BEN,BEN,2021,-0.987
BEN,BEN,2022,-0.911
BEN,BEN,2023,-1.023
BEN,BEN,2024,-0.98
DNK,DNK,1995,1.132
DNK,DNK,1996,1.097
DNK,DNK,1997,1.062
DNK,DNK,1998,1.005
DNK,DNK,1999,0.992
DNK,DNK,2000,1.041
DNK,DNK,2001,1.066
DNK,DNK,2002,1.088
DNK,DNK,2003,1.078
DNK,DNK,2004,1.063
DNK,DNK,2005,1.022
DNK,DNK,2006,1.033
DNK,DNK,2007,1.016
DNK,DNK,2008,1.06
DNK,DNK,2009,1.04
DNK,DNK,2010,1.038
DNK,DNK,2011,1.055
DNK,DNK,2012,1.054
DNK,DNK,2013,1.035
DNK,DNK,2014,1.062
DNK,DNK,2015,1.063
DNK,DNK,2016,1.067
DNK,DNK,2017,1.056
DNK,DNK,2018,1.053
DNK,DNK,2019,1.069
DNK,DNK,2020,1.052
DNK,DNK,2021,1.056
DNK,DNK,2022,1.025
DNK,DNK,2023,1.041
DNK,DNK,2024,1.012
DOM,DOM,1995,-0.006
DOM,DOM,1996,-0.611
DOM,DOM,1997,-0.647
DOM,DOM,1998,-0.785
DOM,DOM,1999,-0.606
DOM,DOM,2000,-0.57
DOM,DOM,2001,-0.406
DOM,DOM,2002,-0.498
DOM,DOM,2003,-0.457
DOM,DOM,2004,-0.49
DOM,DOM,2005,-0.37
DOM,DOM,2006,-0.342
DOM,DOM,2007,-0.26
DOM,DOM,2008,-0.327
DOM,DOM,2009,-0.253
DOM,DOM,2010,-0.277
DOM,DOM,2011,-0.333
DOM,DOM,2012,-0.196
DOM,DOM,2013,-0.233
DOM,DOM,2014,-0.175
DOM,DOM,2015,-0.221
DOM,DOM,2016,-0.179
DOM,DOM,2017,-0.05
DOM,DOM,2018,0.011
DOM,DOM,2019,-0.156
DOM,DOM,2020,-0.026
DOM,DOM,2021,0.009
DOM,DOM,2022,-0.077
DOM,DOM,2023,-0.075
DOM,DOM,2024,0.034
ECU,ECU,1995,-0.885
ECU,ECU,1996,-0.954
ECU,ECU,1997,-1.004
ECU,ECU,1998,-0.709
ECU,ECU,1999,-0.718
ECU,ECU,2000,-0.788
ECU,ECU,2001,-0.702
ECU,ECU,2002,-0.881
ECU,ECU,2003,-0.859
ECU,ECU,2004,-0.802
ECU,ECU,2005,-0.768
ECU,ECU,2006,-0.632
ECU,ECU,2007,-0.717
ECU,ECU,2008,-0.832
ECU,ECU,2009,-0.831
ECU,ECU,2010,-0.565
ECU,ECU,2011,-0.799
ECU,ECU,2012,-0.732
ECU,ECU,2013,-0.763
ECU,ECU,2014,-0.907
ECU,ECU,2015,-0.796
ECU,ECU,2016,-0.952
ECU,ECU,2017,-0.99
ECU,ECU,2018,-1.011
ECU,ECU,2019,-1.068
ECU,ECU,2020,-1.191
ECU,ECU,2021,-1.128
ECU,ECU,2022,-1.07
ECU,ECU,2023,-1.033
ECU,ECU,2024,-0.84
SLV,SLV,1995,-0.154
SLV,SLV,1996,-0.27
SLV,SLV,1997,-0.241
SLV,SLV,1998,-0.065
SLV,SLV,1999,-0.051
SLV,SLV,2000,-0.171
SLV,SLV,2001,-0.087
SLV,SLV,2002,-0.198
SLV,SLV,2003,-0.222
SLV,SLV,2004,-0.107
SLV,SLV,2005,-0.133
SLV,SLV,2006,-0.014
SLV,SLV,2007,-0.099
SLV,SLV,2008,-0.036
SLV,SLV,2009,-0.128
SLV,SLV,2010,-0.045
SLV,SLV,2011,-0.203
SLV,SLV,2012,0.03
SLV,SLV,2013,0.017
SLV,SLV,2014,0.045
SLV,SLV,2015,0.016
SLV,SLV,2016,0.097
SLV,SLV,2017,0.164
SLV,SLV,2018,0.156
SLV,SLV,2019,0.03
SLV,SLV,2020,0.033
SLV,SLV,2021,0.08
SLV,SLV,2022,0.058
SLV,SLV,2023,0.087
SLV,SLV,2024,0.346
GNQ,GNQ,1995,-2.934
GNQ,GNQ,1996,-2.458
GNQ,GNQ,1997,-2.122
GNQ,GNQ,1998,-2.425
GNQ,GNQ,1999,-2.566
GNQ,GNQ,2000,-3.384
GNQ,GNQ,2001,-2.208
GNQ,GNQ,2002,-2.052
GNQ,GNQ,2003,-2.457
GNQ,GNQ,2004,-2.05
GNQ,GNQ,2005,-2.4
GNQ,GNQ,2006,-2.628
GNQ,GNQ,2007,-0.952
GNQ,GNQ,2008,-1.003
GNQ,GNQ,2009,-0.286
GNQ,GNQ,2010,-1.3
GNQ,GNQ,2011,-0.911
GNQ,GNQ,2012,-2.048
GNQ,GNQ,2013,-2.187
GNQ,GNQ,2014,-2.122
GNQ,GNQ,2015,-1.705
GNQ,GNQ,2016,-2.193
GNQ,GNQ,2017,-2.277
GNQ,GNQ,2018,-2.181
GNQ,GNQ,2019,-2.227
GNQ,GNQ,2020,-1.947
GNQ,GNQ,2021,-1.993
GNQ,GNQ,2022,-2.416
GNQ,GNQ,2023,-2.317
GNQ,GNQ,2024,-2.731
ETH,ETH,1995,-1.716
ETH,ETH,1996,-1.826
ETH,ETH,1997,-1.929
ETH,ETH,1998,-1.774
ETH,ETH,1999,-1.751
ETH,ETH,2000,-1.624
ETH,ETH,2001,-1.439
ETH,ETH,2002,-1.788
ETH,ETH,2003,-1.673
ETH,ETH,2004,-1.526
ETH,ETH,2005,-1.152
ETH,ETH,2006,-1.36
ETH,ETH,2007,-1.2
ETH,ETH,2008,-1.049
ETH,ETH,2009,-1.113
ETH,ETH,2010,-1.143
ETH,ETH,2011,-1.412
ETH,ETH,2012,-1.132
ETH,ETH,2013,-1.033
ETH,ETH,2014,-1.002
ETH,ETH,2015,-1.11
ETH,ETH,2016,-1.065
ETH,ETH,2017,-1.105
ETH,ETH,2018,-1.002
ETH,ETH,2019,-1.109
ETH,ETH,2020,-1.092
ETH,ETH,2021,-1.109
ETH,ETH,2022,-1.071
ETH,ETH,2023,-1.069
ETH,ETH,2024,-1.091
EST,EST,1995,0.675
EST,EST,1996,0.699
EST,EST,1997,0.651
EST,EST,1998,0.664
EST,EST,1999,0.586
EST,EST,2000,0.58
EST,EST,2001,0.689
EST,EST,2002,0.661
EST,EST,2003,0.765
EST,EST,2004,0.767
EST,EST,2005,0.76
EST,EST,2006,0.838
EST,EST,2007,0.807
EST,EST,2008,0.833
EST,EST,2009,0.828
EST,EST,2010,0.909
EST,EST,2011,0.965
EST,EST,2012,0.918
EST,EST,2013,0.93
EST,EST,2014,0.961
EST,EST,2015,0.961
EST,EST,2016,1.011
EST,EST,2017,0.96
EST,EST,2018,1.009
EST,EST,2019,1.042
EST,EST,2020,1.025
EST,EST,2021,1.046
EST,EST,2022,0.994
EST,EST,2023,0.982
EST,EST,2024,0.89
FIN,FIN,1995,1.538
FIN,FIN,1996,1.544
FIN,FIN,1997,1.482
FIN,FIN,1998,1.493
FIN,FIN,1999,1.553
FIN,FIN,2000,1.585
FIN,FIN,2001,1.548
FIN,FIN,2002,1.635
FIN,FIN,2003,1.622
FIN,FIN,2004,1.613
FIN,FIN,2005,1.552
FIN,FIN,2006,1.525
FIN,FIN,2007,1.582
FIN,FIN,2008,1.545
FIN,FIN,2009,1.523
FIN,FIN,2010,1.47
FIN,FIN,2011,1.546
FIN,FIN,2012,1.424
FIN,FIN,2013,1.426
FIN,FIN,2014,1.414
FIN,FIN,2015,1.424
FIN,FIN,2016,1.439
FIN,FIN,2017,1.388
FIN,FIN,2018,1.393
FIN,FIN,2019,1.366
FIN,FIN,2020,1.376
FIN,FIN,2021,1.356
FIN,FIN,2022,1.328
FIN,FIN,2023,1.3
FIN,FIN,2024,1.146
FRA,FRA,1995,1.26
FRA,FRA,1996,1.246
FRA,FRA,1997,1.216
FRA,FRA,1998,1.202
FRA,FRA,1999,1.219
FRA,FRA,2000,1.271
FRA,FRA,2001,1.262
FRA,FRA,2002,1.275
FRA,FRA,2003,1.271
FRA,FRA,2004,1.243
FRA,FRA,2005,1.188
FRA,FRA,2006,1.178
FRA,FRA,2007,1.203
FRA,FRA,2008,1.203
FRA,FRA,2009,1.223
FRA,FRA,2010,1.262
FRA,FRA,2011,1.291
FRA,FRA,2012,1.246
FRA,FRA,2013,1.265
FRA,FRA,2014,1.255
FRA,FRA,2015,1.288
FRA,FRA,2016,1.28
FRA,FRA,2017,1.225
FRA,FRA,2018,1.233
FRA,FRA,2019,1.235
FRA,FRA,2020,1.212
FRA,FRA,2021,1.213
FRA,FRA,2022,1.179
FRA,FRA,2023,1.175
FRA,FRA,2024,1.087
GAB,GAB,1995,-1.921
GAB,GAB,1996,-0.886
GAB,GAB,1997,-1.053
GAB,GAB,1998,-0.818
GAB,GAB,1999,-0.655
GAB,GAB,2000,-0.645
GAB,GAB,2001,-0.924
GAB,GAB,2002,-0.896
GAB,GAB,2003,-0.9
GAB,GAB,2004,-0.672
GAB,GAB,2005,-1.218
GAB,GAB,2006,-1.718
GAB,GAB,2007,-1.177
GAB,GAB,2008,-1.199
GAB,GAB,2009,-0.679
GAB,GAB,2010,-0.829
GAB,GAB,2011,-0.517
GAB,GAB,2012,-0.714
GAB,GAB,2013,-0.632
GAB,GAB,2014,-0.566
GAB,GAB,2015,-0.576
GAB,GAB,2016,-0.459
GAB,GAB,2017,-0.706
GAB,GAB,2018,-0.772
GAB,GAB,2019,-0.784
GAB,GAB,2020,-0.969
GAB,GAB,2021,-0.536
GAB,GAB,2022,-0.643
GAB,GAB,2023,-0.784
GAB,GAB,2024,-1.797
GEO,GEO,1995,0.883
GEO,GEO,1996,0.542
GEO,GEO,1997,0.559
GEO,GEO,1998,0.618
GEO,GEO,1999,0.558
GEO,GEO,2000,0.663
GEO,GEO,2001,0.655
GEO,GEO,2002,0.638
GEO,GEO,2003,0.56
GEO,GEO,2004,0.473
GEO,GEO,2005,0.34
GEO,GEO,2006,0.294
GEO,GEO,2007,0.226
GEO,GEO,2008,0.065
GEO,GEO,2009,0.189
GEO,GEO,2010,0.185
GEO,GEO,2011,0.308
GEO,GEO,2012,0.065
GEO,GEO,2013,0.123
GEO,GEO,2014,0.083
GEO,GEO,2015,0.051
GEO,GEO,2016,-0.058
GEO,GEO,2017,0.043
GEO,GEO,2018,0.168
GEO,GEO,2019,0.234
GEO,GEO,2020,0.11
GEO,GEO,2021,0.139
GEO,GEO,2022,0.16
GEO,GEO,2023,0.227
GEO,GEO,2024,0.259
DEU,DEU,1995,1.551
DEU,DEU,1996,1.568
DEU,DEU,1997,1.515
DEU,DEU,1998,1.503
DEU,DEU,1999,1.5
DEU,DEU,2000,1.584
DEU,DEU,2001,1.566
DEU,DEU,2002,1.625
DEU,DEU,2003,1.61
DEU,DEU,2004,1.567
DEU,DEU,2005,1.484
DEU,DEU,2006,1.484
DEU,DEU,2007,1.525
DEU,DEU,2008,1.476
DEU,DEU,2009,1.487
DEU,DEU,2010,1.523
DEU,DEU,2011,1.572
DEU,DEU,2012,1.506
DEU,DEU,2013,1.537
DEU,DEU,2014,1.545
DEU,DEU,2015,1.585
DEU,DEU,2016,1.592
DEU,DEU,2017,1.537
DEU,DEU,2018,1.543
DEU,DEU,2019,1.544
DEU,DEU,2020,1.507
DEU,DEU,2021,1.519
DEU,DEU,2022,1.521
DEU,DEU,2023,1.499
DEU,DEU,2024,1.356
GHA,GHA,1995,-1.683
GHA,GHA,1996,-1.366
GHA,GHA,1997,-1.349
GHA,GHA,1998,-1.47
GHA,GHA,1999,-1.346
GHA,GHA,2000,-1.23
GHA,GHA,2001,-1.119
GHA,GHA,2002,-1.59
GHA,GHA,2003,-1.191
GHA,GHA,2004,-1.402
GHA,GHA,2005,-1.312
GHA,GHA,2006,-1.289
GHA,GHA,2007,-0.969
GHA,GHA,2008,-0.862
GHA,GHA,2009,-0.9
GHA,GHA,2010,-0.701
GHA,GHA,2011,-1.001
GHA,GHA,2012,-1.007
GHA,GHA,2013,-0.651
GHA,GHA,2014,-0.679
GHA,GHA,2015,-0.86
GHA,GHA,2016,-1.032
GHA,GHA,2017,-1.064
GHA,GHA,2018,-1.103
GHA,GHA,2019,-1.035
GHA,GHA,2020,-1.147
GHA,GHA,2021,-0.951
GHA,GHA,2022,-0.708
GHA,GHA,2023,-0.815
GHA,GHA,2024,-1.139
GRC,GRC,1995,0.378
GRC,GRC,1996,0.397
GRC,GRC,1997,0.383
GRC,GRC,1998,0.398
GRC,GRC,1999,0.408
GRC,GRC,2000,0.417
GRC,GRC,2001,0.449
GRC,GRC,2002,0.476
GRC,GRC,2003,0.46
GRC,GRC,2004,0.463
GRC,GRC,2005,0.464
GRC,GRC,2006,0.392
GRC,GRC,2007,0.438
GRC,GRC,2008,0.41
GRC,GRC,2009,0.349
GRC,GRC,2010,0.351
GRC,GRC,2011,0.327
GRC,GRC,2012,0.365
GRC,GRC,2013,0.406
GRC,GRC,2014,0.39
GRC,GRC,2015,0.374
GRC,GRC,2016,0.348
GRC,GRC,2017,0.36
GRC,GRC,2018,0.351
GRC,GRC,2019,0.322
GRC,GRC,2020,0.371
GRC,GRC,2021,0.416
GRC,GRC,2022,0.346
GRC,GRC,2023,0.44
GRC,GRC,2024,0.52
GTM,GTM,1995,-0.202
GTM,GTM,1996,-0.283
GTM,GTM,1997,-0.216
GTM,GTM,1998,-0.186
GTM,GTM,1999,-0.235
GTM,GTM,2000,-0.271
GTM,GTM,2001,-0.211
GTM,GTM,2002,-0.17
GTM,GTM,2003,-0.136
GTM,GTM,2004,-0.071
GTM,GTM,2005,-0.206
GTM,GTM,2006,0.031
GTM,GTM,2007,-0.167
GTM,GTM,2008,-0.152
GTM,GTM,2009,-0.234
GTM,GTM,2010,-0.18
GTM,GTM,2011,-0.262
GTM,GTM,2012,-0.132
GTM,GTM,2013,-0.189
GTM,GTM,2014,-0.181
GTM,GTM,2015,-0.209
GTM,GTM,2016,-0.265
GTM,GTM,2017,-0.194
GTM,GTM,2018,-0.145
GTM,GTM,2019,-0.243
GTM,GTM,2020,-0.226
GTM,GTM,2021,-0.11
GTM,GTM,2022,-0.129
GTM,GTM,2023,-0.069
GTM,GTM,2024,0.055
GIN,GIN,1995,-1.681
GIN,GIN,1996,-1.96
GIN,GIN,1997,-1.69
GIN,GIN,1998,-2.132
GIN,GIN,1999,-2.59
GIN,GIN,2000,-2.034
GIN,GIN,2001,-1.832
GIN,GIN,2002,-1.98
GIN,GIN,2003,-2.452
GIN,GIN,2004,-1.902
GIN,GIN,2005,-2.085
GIN,GIN,2006,-2.006
GIN,GIN,2007,-2.23
GIN,GIN,2008,-1.814
GIN,GIN,2009,-1.893
GIN,GIN,2010,-2.082
GIN,GIN,2011,-2.07
GIN,GIN,2012,-1.906
GIN,GIN,2013,-1.546
GIN,GIN,2014,-2.03
GIN,GIN,2015,-1.618
GIN,GIN,2016,-2.186
GIN,GIN,2017,-2.292
GIN,GIN,2018,-1.708
GIN,GIN,2019,-2.16
GIN,GIN,2020,-2.3
GIN,GIN,2021,-2.329
GIN,GIN,2022,-1.26
GIN,GIN,2023,-1.591
GIN,GIN,2024,-1.793
HTI,HTI,1995,-0.774
HTI,HTI,1996,-1.008
HTI,HTI,1997,-0.999
HTI,HTI,1998,-1.35
HTI,HTI,1999,-1.206
HTI,HTI,2000,-1.199
HTI,HTI,2001,-1.304
HTI,HTI,2002,-1.389
HTI,HTI,2003,-1.604
HTI,HTI,2004,-1.356
HTI,HTI,2005,-1.388
HTI,HTI,2006,-1.342
HTI,HTI,2007,-1.401
HTI,HTI,2008,-1.356
HTI,HTI,2009,-1.783
HTI,HTI,2010,-1.36
HTI,HTI,2011,-1.68
HTI,HTI,2012,-1.214
HTI,HTI,2013,-1.193
HTI,HTI,2014,-1.353
HTI,HTI,2015,-1.275
HTI,HTI,2016,-1.231
HTI,HTI,2017,-0.91
HTI,HTI,2018,-0.972
HTI,HTI,2019,-1.178
HTI,HTI,2020,-1.209
HTI,HTI,2021,-1.038
HTI,HTI,2022,-1.284
HTI,HTI,2023,-1.167
HTI,HTI,2024,-0.558
HND,HND,1995,-0.747
HND,HND,1996,-0.606
HND,HND,1997,-0.652
HND,HND,1998,-0.73
HND,HND,1999,-0.534
HND,HND,2000,-0.763
HND,HND,2001,-0.744
HND,HND,2002,-0.821
HND,HND,2003,-0.73
HND,HND,2004,-0.65
HND,HND,2005,-0.514
HND,HND,2006,-0.564
HND,HND,2007,-0.628
HND,HND,2008,-0.833
HND,HND,2009,-0.678
HND,HND,2010,-0.562
HND,HND,2011,-0.842
HND,HND,2012,-0.415
HND,HND,2013,-0.702
HND,HND,2014,-0.404
HND,HND,2015,-0.525
HND,HND,2016,-0.538
HND,HND,2017,-0.422
HND,HND,2018,-0.429
HND,HND,2019,-0.72
HND,HND,2020,-0.5
HND,HND,2021,-0.627
HND,HND,2022,-0.899
HND,HND,2023,-0.47
HND,HND,2024,-0.291
HKG,HKG,1995,0.916
HKG,HKG,1996,0.972
HKG,HKG,1997,0.924
HKG,HKG,1998,0.888
HKG,HKG,1999,0.951
HKG,HKG,2000,0.881
HKG,HKG,2001,0.982
HKG,HKG,2002,1.066
HKG,HKG,2003,1.077
HKG,HKG,2004,1.092
HKG,HKG,2005,1.073
HKG,HKG,2006,0.993
HKG,HKG,2007,1.043
HKG,HKG,2008,1.044
HKG,HKG,2009,1.023
HKG,HKG,2010,1.064
HKG,HKG,2011,1.083
HKG,HKG,2012,1.079
HKG,HKG,2013,1.083
HKG,HKG,2014,1.128
HKG,HKG,2015,1.175
HKG,HKG,2016,1.142
HKG,HKG,2017,1.122
HKG,HKG,2018,1.149
HKG,HKG,2019,1.178
HKG,HKG,2020,1.295
HKG,HKG,2021,1.352
HKG,HKG,2022,1.303
HKG,HKG,2023,1.298
HKG,HKG,2024,1.162
HUN,HUN,1995,0.939
HUN,HUN,1996,0.919
HUN,HUN,1997,0.911
HUN,HUN,1998,0.909
HUN,HUN,1999,0.933
HUN,HUN,2000,1.04
HUN,HUN,2001,1.057
HUN,HUN,2002,1.11
HUN,HUN,2003,1.138
HUN,HUN,2004,1.097
HUN,HUN,2005,1.113
HUN,HUN,2006,1.143
HUN,HUN,2007,1.175
HUN,HUN,2008,1.215
HUN,HUN,2009,1.183
HUN,HUN,2010,1.257
HUN,HUN,2011,1.265
HUN,HUN,2012,1.239
HUN,HUN,2013,1.266
HUN,HUN,2014,1.261
HUN,HUN,2015,1.299
HUN,HUN,2016,1.289
HUN,HUN,2017,1.269
HUN,HUN,2018,1.269
HUN,HUN,2019,1.234
HUN,HUN,2020,1.249
HUN,HUN,2021,1.237
HUN,HUN,2022,1.247
HUN,HUN,2023,1.229
HUN,HUN,2024,1.15
IND,IND,1995,0.378
IND,IND,1996,0.388
IND,IND,1997,0.45
IND,IND,1998,0.472
IND,IND,1999,0.496
IND,IND,2000,0.56
IND,IND,2001,0.596
IND,IND,2002,0.574
IND,IND,2003,0.581
IND,IND,2004,0.555
IND,IND,2005,0.54
IND,IND,2006,0.549
IND,IND,2007,0.536
IND,IND,2008,0.507
IND,IND,2009,0.504
IND,IND,2010,0.471
IND,IND,2011,0.48
IND,IND,2012,0.53
IND,IND,2013,0.571
IND,IND,2014,0.577
IND,IND,2015,0.618
IND,IND,2016,0.627
IND,IND,2017,0.628
IND,IND,2018,0.682
IND,IND,2019,0.687
IND,IND,2020,0.683
IND,IND,2021,0.687
IND,IND,2022,0.72
IND,IND,2023,0.71
IND,IND,2024,0.705
IDN,IDN,1995,-0.113
IDN,IDN,1996,-0.114
IDN,IDN,1997,-0.083
IDN,IDN,1998,0.054
IDN,IDN,1999,0.145
IDN,IDN,2000,0.249
IDN,IDN,2001,0.214
IDN,IDN,2002,0.235
IDN,IDN,2003,0.265
IDN,IDN,2004,0.186
IDN,IDN,2005,0.164
IDN,IDN,2006,0.214
IDN,IDN,2007,0.178
IDN,IDN,2008,0.148
IDN,IDN,2009,0.12
IDN,IDN,2010,0.126
IDN,IDN,2011,0.117
IDN,IDN,2012,0.214
IDN,IDN,2013,0.211
IDN,IDN,2014,0.279
IDN,IDN,2015,0.276
IDN,IDN,2016,0.291
IDN,IDN,2017,0.281
IDN,IDN,2018,0.292
IDN,IDN,2019,0.317
IDN,IDN,2020,0.263
IDN,IDN,2021,0.272
IDN,IDN,2022,0.236
IDN,IDN,2023,0.28
IDN,IDN,2024,0.223
IRN,IRN,1995,-0.677
IRN,IRN,1996,-0.504
IRN,IRN,1997,-0.139
IRN,IRN,1998,-0.122
IRN,IRN,1999,-0.185
IRN,IRN,2000,-0.234
IRN,IRN,2001,-0.187
IRN,IRN,2002,-0.148
IRN,IRN,2003,-0.109
IRN,IRN,2004,0.047
IRN,IRN,2005,0.079
IRN,IRN,2006,-0.027
IRN,IRN,2007,-0.41
IRN,IRN,2008,-0.535
IRN,IRN,2009,-0.601
IRN,IRN,2010,-0.32
IRN,IRN,2011,-0.369
IRN,IRN,2012,-0.701
IRN,IRN,2013,-0.144
IRN,IRN,2014,-0.143
IRN,IRN,2015,-0.171
IRN,IRN,2016,-0.165
IRN,IRN,2017,-0.17
IRN,IRN,2018,-0.108
IRN,IRN,2019,0.021
IRN,IRN,2020,0.087
IRN,IRN,2021,-0.007
IRN,IRN,2022,0.036
IRN,IRN,2023,-0.13
IRN,IRN,2024,-0.071
IRQ,IRQ,1995,-0.046
IRQ,IRQ,1996,0.746
IRQ,IRQ,1997,-0.527
IRQ,IRQ,1998,-0.307
IRQ,IRQ,1999,-0.748
IRQ,IRQ,2000,-0.898
IRQ,IRQ,2001,-1.224
IRQ,IRQ,2002,-1.302
IRQ,IRQ,2003,-0.938
IRQ,IRQ,2004,-0.357
IRQ,IRQ,2005,-0.976
IRQ,IRQ,2006,-1.49
IRQ,IRQ,2007,-2.146
IRQ,IRQ,2008,-1.825
IRQ,IRQ,2009,-0.575
IRQ,IRQ,2010,-2.045
IRQ,IRQ,2011,-1.588
IRQ,IRQ,2012,-2.119
IRQ,IRQ,2013,-2.078
IRQ,IRQ,2014,-2.485
IRQ,IRQ,2015,-2.275
IRQ,IRQ,2016,-2.392
IRQ,IRQ,2017,-2.012
IRQ,IRQ,2018,-1.613
IRQ,IRQ,2019,-1.655
IRQ,IRQ,2020,-0.909
IRQ,IRQ,2021,-1.032
IRQ,IRQ,2022,-1.312
IRQ,IRQ,2023,-1.459
IRQ,IRQ,2024,-1.463
IRL,IRL,1995,1.171
IRL,IRL,1996,1.126
IRL,IRL,1997,1.19
IRL,IRL,1998,1.182
IRL,IRL,1999,1.235
IRL,IRL,2000,1.398
IRL,IRL,2001,1.425
IRL,IRL,2002,1.454
IRL,IRL,2003,1.375
IRL,IRL,2004,1.276
IRL,IRL,2005,1.266
IRL,IRL,2006,1.219
IRL,IRL,2007,1.285
IRL,IRL,2008,1.308
IRL,IRL,2009,1.306
IRL,IRL,2010,1.247
IRL,IRL,2011,1.331
IRL,IRL,2012,1.243
IRL,IRL,2013,1.245
IRL,IRL,2014,1.192
IRL,IRL,2015,1.243
IRL,IRL,2016,1.223
IRL,IRL,2017,1.169
IRL,IRL,2018,1.205
IRL,IRL,2019,1.265
IRL,IRL,2020,1.221
IRL,IRL,2021,1.23
IRL,IRL,2022,1.297
IRL,IRL,2023,1.229
IRL,IRL,2024,1.193
ISR,ISR,1995,1.131
ISR,ISR,1996,1.089
ISR,ISR,1997,1.112
ISR,ISR,1998,1.057
ISR,ISR,1999,1.089
ISR,ISR,2000,1.008
ISR,ISR,2001,1.06
ISR,ISR,2002,1.091
ISR,ISR,2003,1.125
ISR,ISR,2004,1.09
ISR,ISR,2005,1.055
ISR,ISR,2006,1.035
ISR,ISR,2007,1.049
ISR,ISR,2008,1.092
ISR,ISR,2009,1.057
ISR,ISR,2010,1.152
ISR,ISR,2011,1.15
ISR,ISR,2012,1.133
ISR,ISR,2013,1.104
ISR,ISR,2014,1.2
ISR,ISR,2015,1.275
ISR,ISR,2016,1.192
ISR,ISR,2017,1.189
ISR,ISR,2018,1.228
ISR,ISR,2019,1.213
ISR,ISR,2020,1.215
ISR,ISR,2021,1.248
ISR,ISR,2022,1.233
ISR,ISR,2023,1.174
ISR,ISR,2024,1.334
ITA,ITA,1995,1.233
ITA,ITA,1996,1.231
ITA,ITA,1997,1.187
ITA,ITA,1998,1.176
ITA,ITA,1999,1.159
ITA,ITA,2000,1.215
ITA,ITA,2001,1.219
ITA,ITA,2002,1.224
ITA,ITA,2003,1.222
ITA,ITA,2004,1.21
ITA,ITA,2005,1.146
ITA,ITA,2006,1.128
ITA,ITA,2007,1.181
ITA,ITA,2008,1.187
ITA,ITA,2009,1.183
ITA,ITA,2010,1.188
ITA,ITA,2011,1.192
ITA,ITA,2012,1.195
ITA,ITA,2013,1.213
ITA,ITA,2014,1.237
ITA,ITA,2015,1.251
ITA,ITA,2016,1.237
ITA,ITA,2017,1.195
ITA,ITA,2018,1.219
ITA,ITA,2019,1.186
ITA,ITA,2020,1.191
ITA,ITA,2021,1.2
ITA,ITA,2022,1.221
ITA,ITA,2023,1.211
ITA,ITA,2024,1.118
CIV,CIV,1995,-0.798
CIV,CIV,1996,-0.999
CIV,CIV,1997,-0.879
CIV,CIV,1998,-0.874
CIV,CIV,1999,-0.873
CIV,CIV,2000,-0.569
CIV,CIV,2001,-0.816
CIV,CIV,2002,-1.005
CIV,CIV,2003,-0.753
CIV,CIV,2004,-1.031
CIV,CIV,2005,-1.094
CIV,CIV,2006,-0.983
CIV,CIV,2007,-1.144
CIV,CIV,2008,-1.307
CIV,CIV,2009,-0.965
CIV,CIV,2010,-1.242
CIV,CIV,2011,-1.29
CIV,CIV,2012,-1.278
CIV,CIV,2013,-1.097
CIV,CIV,2014,-1.051
CIV,CIV,2015,-0.969
CIV,CIV,2016,-1.132
CIV,CIV,2017,-0.93
CIV,CIV,2018,-1.164
CIV,CIV,2019,-1.157
CIV,CIV,2020,-1.133
CIV,CIV,2021,-1.269
CIV,CIV,2022,-1.298
CIV,CIV,2023,-1.073
CIV,CIV,2024,-0.96
JAM,JAM,1995,-0.251
JAM,JAM,1996,-0.306
JAM,JAM,1997,-0.447
JAM,JAM,1998,-0.807
JAM,JAM,1999,-0.601
JAM,JAM,2000,-0.476
JAM,JAM,2001,-0.481
JAM,JAM,2002,-0.677
JAM,JAM,2003,-0.664
JAM,JAM,2004,-0.564
JAM,JAM,2005,-0.408
JAM,JAM,2006,-0.326
JAM,JAM,2007,-0.24
JAM,JAM,2008,-0.304
JAM,JAM,2009,-0.114
JAM,JAM,2010,-0.113
JAM,JAM,2011,-0.183
JAM,JAM,2012,-0.32
JAM,JAM,2013,-0.434
JAM,JAM,2014,-0.423
JAM,JAM,2015,-0.453
JAM,JAM,2016,-0.41
JAM,JAM,2017,-0.333
JAM,JAM,2018,-0.458
JAM,JAM,2019,-0.376
JAM,JAM,2020,-0.388
JAM,JAM,2021,-0.404
JAM,JAM,2022,-0.309
JAM,JAM,2023,-0.457
JAM,JAM,2024,-0.351
JPN,JPN,1995,1.933
JPN,JPN,1996,1.975
JPN,JPN,1997,1.892
JPN,JPN,1998,1.879
JPN,JPN,1999,1.909
JPN,JPN,2000,2.086
JPN,JPN,2001,2.007
JPN,JPN,2002,2.099
JPN,JPN,2003,2.058
JPN,JPN,2004,2.039
JPN,JPN,2005,1.912
JPN,JPN,2006,1.927
JPN,JPN,2007,1.97
JPN,JPN,2008,1.916
JPN,JPN,2009,1.96
JPN,JPN,2010,2.045
JPN,JPN,2011,2.08
JPN,JPN,2012,2.001
JPN,JPN,2013,2.016
JPN,JPN,2014,2.014
JPN,JPN,2015,2.091
JPN,JPN,2016,2.1
JPN,JPN,2017,2.005
JPN,JPN,2018,2.044
JPN,JPN,2019,2.047
JPN,JPN,2020,2.005
JPN,JPN,2021,2.021
JPN,JPN,2022,1.993
JPN,JPN,2023,1.916
JPN,JPN,2024,1.729
KAZ,KAZ,1995,0.314
KAZ,KAZ,1996,0.623
KAZ,KAZ,1997,0.475
KAZ,KAZ,1998,0.561
KAZ,KAZ,1999,0.191
KAZ,KAZ,2000,0.054
KAZ,KAZ,2001,0.133
KAZ,KAZ,2002,-0.027
KAZ,KAZ,2003,0.078
KAZ,KAZ,2004,-0.055
KAZ,KAZ,2005,-0.011
KAZ,KAZ,2006,-0.018
KAZ,KAZ,2007,-0.124
KAZ,KAZ,2008,-0.214
KAZ,KAZ,2009,-0.401
KAZ,KAZ,2010,-0.57
KAZ,KAZ,2011,-0.3
KAZ,KAZ,2012,-0.11
KAZ,KAZ,2013,-0.371
KAZ,KAZ,2014,-0.156
KAZ,KAZ,2015,-0.259
KAZ,KAZ,2016,-0.191
KAZ,KAZ,2017,-0.298
KAZ,KAZ,2018,-0.352
KAZ,KAZ,2019,-0.177
KAZ,KAZ,2020,-0.263
KAZ,KAZ,2021,-0.47
KAZ,KAZ,2022,0.245
KAZ,KAZ,2023,0.436
KAZ,KAZ,2024,0.363
JOR,JOR,1995,0.259
JOR,JOR,1996,0.296
JOR,JOR,1997,0.364
JOR,JOR,1998,0.339
JOR,JOR,1999,0.35
JOR,JOR,2000,0.492
JOR,JOR,2001,0.551
JOR,JOR,2002,0.383
JOR,JOR,2003,0.129
JOR,JOR,2004,0.309
JOR,JOR,2005,0.319
JOR,JOR,2006,0.215
JOR,JOR,2007,0.23
JOR,JOR,2008,0.24
JOR,JOR,2009,0.236
JOR,JOR,2010,0.282
JOR,JOR,2011,0.202
JOR,JOR,2012,0.261
JOR,JOR,2013,0.259
JOR,JOR,2014,0.303
JOR,JOR,2015,0.197
JOR,JOR,2016,0.009
JOR,JOR,2017,0.05
JOR,JOR,2018,0.032
JOR,JOR,2019,0.103
JOR,JOR,2020,0.081
JOR,JOR,2021,0.066
JOR,JOR,2022,0.083
JOR,JOR,2023,0.044
JOR,JOR,2024,0.088
KEN,KEN,1995,0.032
KEN,KEN,1996,-0.117
KEN,KEN,1997,-0.286
KEN,KEN,1998,-0.226
KEN,KEN,1999,-0.222
KEN,KEN,2000,-0.303
KEN,KEN,2001,-0.251
KEN,KEN,2002,-0.279
KEN,KEN,2003,-0.213
KEN,KEN,2004,-0.314
KEN,KEN,2005,-0.241
KEN,KEN,2006,-0.1
KEN,KEN,2007,-0.202
KEN,KEN,2008,-0.209
KEN,KEN,2009,-0.222
KEN,KEN,2010,-0.206
KEN,KEN,2011,-0.472
KEN,KEN,2012,-0.384
KEN,KEN,2013,-0.24
KEN,KEN,2014,-0.487
KEN,KEN,2015,-0.315
KEN,KEN,2016,-0.356
KEN,KEN,2017,-0.423
KEN,KEN,2018,-0.351
KEN,KEN,2019,-0.424
KEN,KEN,2020,-0.497
KEN,KEN,2021,-0.452
KEN,KEN,2022,-0.457
KEN,KEN,2023,-0.402
KEN,KEN,2024,-0.268
KOR,KOR,1995,1.103
KOR,KOR,1996,1.139
KOR,KOR,1997,1.156
KOR,KOR,1998,1.146
KOR,KOR,1999,1.157
KOR,KOR,2000,1.287
KOR,KOR,2001,1.338
KOR,KOR,2002,1.394
KOR,KOR,2003,1.438
KOR,KOR,2004,1.459
KOR,KOR,2005,1.447
KOR,KOR,2006,1.514
KOR,KOR,2007,1.556
KOR,KOR,2008,1.523
KOR,KOR,2009,1.562
KOR,KOR,2010,1.621
KOR,KOR,2011,1.688
KOR,KOR,2012,1.624
KOR,KOR,2013,1.659
KOR,KOR,2014,1.696
KOR,KOR,2015,1.748
KOR,KOR,2016,1.787
KOR,KOR,2017,1.755
KOR,KOR,2018,1.797
KOR,KOR,2019,1.807
KOR,KOR,2020,1.78
KOR,KOR,2021,1.77
KOR,KOR,2022,1.774
KOR,KOR,2023,1.724
KOR,KOR,2024,1.6
KWT,KWT,1995,0.423
KWT,KWT,1996,0.355
KWT,KWT,1997,0.423
KWT,KWT,1998,0.495
KWT,KWT,1999,0.393
KWT,KWT,2000,0.161
KWT,KWT,2001,0.139
KWT,KWT,2002,0.14
KWT,KWT,2003,0.01
KWT,KWT,2004,0.169
KWT,KWT,2005,0.292
KWT,KWT,2006,0.166
KWT,KWT,2007,0.292
KWT,KWT,2008,0.108
KWT,KWT,2009,0.083
KWT,KWT,2010,0.193
KWT,KWT,2011,0.029
KWT,KWT,2012,-0.353
KWT,KWT,2013,0.106
KWT,KWT,2014,-0.076
KWT,KWT,2015,-0.052
KWT,KWT,2016,-0.001
KWT,KWT,2017,-0.068
KWT,KWT,2018,-0.061
KWT,KWT,2019,0.318
KWT,KWT,2020,0.314
KWT,KWT,2021,0.249
KWT,KWT,2022,0.266
KWT,KWT,2023,0.067
KWT,KWT,2024,0.314
KGZ,KGZ,1995,0.287
KGZ,KGZ,1996,0.291
KGZ,KGZ,1997,0.066
KGZ,KGZ,1998,0.532
KGZ,KGZ,1999,0.406
KGZ,KGZ,2000,0.225
KGZ,KGZ,2001,0.001
KGZ,KGZ,2002,0.048
KGZ,KGZ,2003,0.1
KGZ,KGZ,2004,0.067
KGZ,KGZ,2005,-0.119
KGZ,KGZ,2006,-0.032
KGZ,KGZ,2007,-0.249
KGZ,KGZ,2008,-0.096
KGZ,KGZ,2009,-0.239
KGZ,KGZ,2010,-0.471
KGZ,KGZ,2011,-0.387
KGZ,KGZ,2012,-0.294
KGZ,KGZ,2013,-0.206
KGZ,KGZ,2014,-0.324
KGZ,KGZ,2015,-0.107
KGZ,KGZ,2016,-0.112
KGZ,KGZ,2017,-0.243
KGZ,KGZ,2018,-0.161
KGZ,KGZ,2019,-0.13
KGZ,KGZ,2020,-0.064
KGZ,KGZ,2021,-0.216
KGZ,KGZ,2022,-0.189
KGZ,KGZ,2023,0.099
KGZ,KGZ,2024,0.212
LAO,LAO,1995,-1.759
LAO,LAO,1996,-0.825
LAO,LAO,1997,-0.962
LAO,LAO,1998,-1.657
LAO,LAO,1999,-1.769
LAO,LAO,2000,-1.978
LAO,LAO,2001,-1.66
LAO,LAO,2002,-1.763
LAO,LAO,2003,-1.597
LAO,LAO,2004,-1.341
LAO,LAO,2005,-1.414
LAO,LAO,2006,-1.477
LAO,LAO,2007,-1.425
LAO,LAO,2008,-1.344
LAO,LAO,2009,-1.818
LAO,LAO,2010,-1.373
LAO,LAO,2011,-1.574
LAO,LAO,2012,-1.461
LAO,LAO,2013,-1.224
LAO,LAO,2014,-1.086
LAO,LAO,2015,-1.105
LAO,LAO,2016,-1.006
LAO,LAO,2017,-1.078
LAO,LAO,2018,-0.989
LAO,LAO,2019,-0.96
LAO,LAO,2020,-0.833
LAO,LAO,2021,-0.664
LAO,LAO,2022,-0.787
LAO,LAO,2023,-0.869
LAO,LAO,2024,-0.703
LBN,LBN,1995,0.205
LBN,LBN,1996,0.257
LBN,LBN,1997,0.402
LBN,LBN,1998,0.361
LBN,LBN,1999,0.318
LBN,LBN,2000,0.339
LBN,LBN,2001,0.34
LBN,LBN,2002,0.269
LBN,LBN,2003,0.308
LBN,LBN,2004,0.337
LBN,LBN,2005,0.415
LBN,LBN,2006,0.443
LBN,LBN,2007,0.497
LBN,LBN,2008,0.47
LBN,LBN,2009,0.483
LBN,LBN,2010,0.482
LBN,LBN,2011,0.364
LBN,LBN,2012,0.471
LBN,LBN,2013,0.379
LBN,LBN,2014,0.386
LBN,LBN,2015,0.364
LBN,LBN,2016,0.328
LBN,LBN,2017,0.345
LBN,LBN,2018,0.348
LBN,LBN,2019,0.335
LBN,LBN,2020,0.272
LBN,LBN,2021,0.3
LBN,LBN,2022,0.391
LBN,LBN,2023,0.391
LBN,LBN,2024,0.379
LVA,LVA,1995,0.678
LVA,LVA,1996,0.603
LVA,LVA,1997,0.604
LVA,LVA,1998,0.587
LVA,LVA,1999,0.515
LVA,LVA,2000,0.548
LVA,LVA,2001,0.592
LVA,LVA,2002,0.633
LVA,LVA,2003,0.69
LVA,LVA,2004,0.712
LVA,LVA,2005,0.687
LVA,LVA,2006,0.702
LVA,LVA,2007,0.713
LVA,LVA,2008,0.736
LVA,LVA,2009,0.71
LVA,LVA,2010,0.749
LVA,LVA,2011,0.786
LVA,LVA,2012,0.791
LVA,LVA,2013,0.782
LVA,LVA,2014,0.764
LVA,LVA,2015,0.784
LVA,LVA,2016,0.769
LVA,LVA,2017,0.819
LVA,LVA,2018,0.793
LVA,LVA,2019,0.804
LVA,LVA,2020,0.8
LVA,LVA,2021,0.818
LVA,LVA,2022,0.786
LVA,LVA,2023,0.76
LVA,LVA,2024,0.732
LBR,LBR,1995,-0.81
LBR,LBR,1996,-1.253
LBR,LBR,1997,-0.814
LBR,LBR,1998,-1.251
LBR,LBR,1999,-0.838
LBR,LBR,2000,-1.122
LBR,LBR,2001,-0.665
LBR,LBR,2002,-0.393
LBR,LBR,2003,-0.731
LBR,LBR,2004,-0.786
LBR,LBR,2005,-1.212
LBR,LBR,2006,-1.115
LBR,LBR,2007,-1.414
LBR,LBR,2008,-1.402
LBR,LBR,2009,-0.749
LBR,LBR,2010,-1.117
LBR,LBR,2011,-0.478
LBR,LBR,2012,-1.199
LBR,LBR,2013,-0.939
LBR,LBR,2014,-1.207
LBR,LBR,2015,-1.61
LBR,LBR,2016,-1.159
LBR,LBR,2017,-0.739
LBR,LBR,2018,-0.895
LBR,LBR,2019,-1.058
LBR,LBR,2020,-1.501
LBR,LBR,2021,-1.206
LBR,LBR,2022,-1.138
LBR,LBR,2023,-1.472
LBR,LBR,2024,-2.284
LBY,LBY,1995,-0.218
LBY,LBY,1996,-0.331
LBY,LBY,1997,0.57
LBY,LBY,1998,0.685
LBY,LBY,1999,-0.152
LBY,LBY,2000,-0.156
LBY,LBY,2001,-0.812
LBY,LBY,2002,-0.542
LBY,LBY,2003,-0.497
LBY,LBY,2004,-0.634
LBY,LBY,2005,-0.529
LBY,LBY,2006,-0.67
LBY,LBY,2007,-0.769
LBY,LBY,2008,-0.896
LBY,LBY,2009,-0.812
LBY,LBY,2010,-0.769
LBY,LBY,2011,-0.881
LBY,LBY,2012,-2.28
LBY,LBY,2013,-2.125
LBY,LBY,2014,-1.87
LBY,LBY,2015,-1.485
LBY,LBY,2016,-1.055
LBY,LBY,2017,-1.346
LBY,LBY,2018,-1.762
LBY,LBY,2019,-1.922
LBY,LBY,2020,-1.449
LBY,LBY,2021,-1.723
LBY,LBY,2022,-1.861
LBY,LBY,2023,-1.992
LBY,LBY,2024,-1.679
LTU,LTU,1995,0.624
LTU,LTU,1996,0.665
LTU,LTU,1997,0.61
LTU,LTU,1998,0.574
LTU,LTU,1999,0.533
LTU,LTU,2000,0.487
LTU,LTU,2001,0.516
LTU,LTU,2002,0.515
LTU,LTU,2003,0.506
LTU,LTU,2004,0.588
LTU,LTU,2005,0.631
LTU,LTU,2006,0.647
LTU,LTU,2007,0.675
LTU,LTU,2008,0.685
LTU,LTU,2009,0.656
LTU,LTU,2010,0.751
LTU,LTU,2011,0.783
LTU,LTU,2012,0.799
LTU,LTU,2013,0.801
LTU,LTU,2014,0.863
LTU,LTU,2015,0.852
LTU,LTU,2016,0.831
LTU,LTU,2017,0.861
LTU,LTU,2018,0.903
LTU,LTU,2019,0.924
LTU,LTU,2020,0.913
LTU,LTU,2021,0.937
LTU,LTU,2022,0.917
LTU,LTU,2023,0.893
LTU,LTU,2024,0.828
MDG,MDG,1995,-1.592
MDG,MDG,1996,-1.491
MDG,MDG,1997,-1.425
MDG,MDG,1998,-1.462
MDG,MDG,1999,-1.333
MDG,MDG,2000,-1.124
MDG,MDG,2001,-1.28
MDG,MDG,2002,-1.273
MDG,MDG,2003,-1.538
MDG,MDG,2004,-1.241
MDG,MDG,2005,-1.042
MDG,MDG,2006,-1.073
MDG,MDG,2007,-1.235
MDG,MDG,2008,-1.274
MDG,MDG,2009,-1.215
MDG,MDG,2010,-1.039
MDG,MDG,2011,-1.095
MDG,MDG,2012,-1.122
MDG,MDG,2013,-1.16
MDG,MDG,2014,-1.259
MDG,MDG,2015,-1.32
MDG,MDG,2016,-1.386
MDG,MDG,2017,-1.381
MDG,MDG,2018,-1.342
MDG,MDG,2019,-1.505
MDG,MDG,2020,-1.397
MDG,MDG,2021,-1.225
MDG,MDG,2022,-1.449
MDG,MDG,2023,-1.206
MDG,MDG,2024,-1.033
MWI,MWI,1995,-1.114
MWI,MWI,1996,-1.515
MWI,MWI,1997,-1.359
MWI,MWI,1998,-1.627
MWI,MWI,1999,-1.123
MWI,MWI,2000,-1.487
MWI,MWI,2001,-1.527
MWI,MWI,2002,-1.121
MWI,MWI,2003,-1.562
MWI,MWI,2004,-1.442
MWI,MWI,2005,-1.177
MWI,MWI,2006,-1.27
MWI,MWI,2007,-1.59
MWI,MWI,2008,-1.406
MWI,MWI,2009,-1.397
MWI,MWI,2010,-1.115
MWI,MWI,2011,-1.38
MWI,MWI,2012,-1.183
MWI,MWI,2013,-1.077
MWI,MWI,2014,-0.846
MWI,MWI,2015,-0.959
MWI,MWI,2016,-1.357
MWI,MWI,2017,-1.132
MWI,MWI,2018,-1.023
MWI,MWI,2019,-1.18
MWI,MWI,2020,-1.437
MWI,MWI,2021,-1.062
MWI,MWI,2022,-1.09
MWI,MWI,2023,-1.256
MWI,MWI,2024,-1.007
MYS,MYS,1995,0.614
MYS,MYS,1996,0.668
MYS,MYS,1997,0.624
MYS,MYS,1998,0.618
MYS,MYS,1999,0.649
MYS,MYS,2000,0.785
MYS,MYS,2001,0.885
MYS,MYS,2002,0.851
MYS,MYS,2003,0.839
MYS,MYS,2004,0.818
MYS,MYS,2005,0.809
MYS,MYS,2006,0.868
MYS,MYS,2007,0.869
MYS,MYS,2008,0.789
MYS,MYS,2009,0.852
MYS,MYS,2010,0.88
MYS,MYS,2011,0.927
MYS,MYS,2012,0.915
MYS,MYS,2013,0.954
MYS,MYS,2014,0.958
MYS,MYS,2015,0.959
MYS,MYS,2016,0.952
MYS,MYS,2017,0.938
MYS,MYS,2018,1.001
MYS,MYS,2019,1.031
MYS,MYS,2020,1.037
MYS,MYS,2021,1.089
MYS,MYS,2022,1.073
MYS,MYS,2023,0.951
MYS,MYS,2024,0.86
MLI,MLI,1995,-1.186
MLI,MLI,1996,-1.222
MLI,MLI,1997,-1.277
MLI,MLI,1998,-1.044
MLI,MLI,1999,-1.18
MLI,MLI,2000,-0.543
MLI,MLI,2001,-0.425
MLI,MLI,2002,-0.855
MLI,MLI,2003,-0.87
MLI,MLI,2004,-0.927
MLI,MLI,2005,-0.99
MLI,MLI,2006,-0.648
MLI,MLI,2007,-0.618
MLI,MLI,2008,-0.58
MLI,MLI,2009,-1.083
MLI,MLI,2010,-0.62
MLI,MLI,2011,-1.051
MLI,MLI,2012,-0.989
MLI,MLI,2013,-1.249
MLI,MLI,2014,-1.125
MLI,MLI,2015,-0.905
MLI,MLI,2016,-0.84
MLI,MLI,2017,-0.825
MLI,MLI,2018,-0.866
MLI,MLI,2019,-0.649
MLI,MLI,2020,-0.861
MLI,MLI,2021,-0.753
MLI,MLI,2022,-0.823
MLI,MLI,2023,-0.871
MLI,MLI,2024,-0.961
MRT,MRT,1995,-0.83
MRT,MRT,1996,-1.073
MRT,MRT,1997,-2.092
MRT,MRT,1998,-1.506
MRT,MRT,1999,-1.153
MRT,MRT,2000,-1.318
MRT,MRT,2001,-1.534
MRT,MRT,2002,-1.544
MRT,MRT,2003,-1.406
MRT,MRT,2004,-1.59
MRT,MRT,2005,-1.681
MRT,MRT,2006,-2.17
MRT,MRT,2007,-2.242
MRT,MRT,2008,-2.36
MRT,MRT,2009,-2.363
MRT,MRT,2010,-2.273
MRT,MRT,2011,-1.593
MRT,MRT,2012,-1.907
MRT,MRT,2013,-2.339
MRT,MRT,2014,-1.015
MRT,MRT,2015,-1.908
MRT,MRT,2016,-1.741
MRT,MRT,2017,-1.856
MRT,MRT,2018,-1.508
MRT,MRT,2019,-1.783
MRT,MRT,2020,-1.427
MRT,MRT,2021,-1.53
MRT,MRT,2022,-1.696
MRT,MRT,2023,-1.306
MRT,MRT,2024,-1.216
MUS,MUS,1995,-0.367
MUS,MUS,1996,-0.536
MUS,MUS,1997,-0.378
MUS,MUS,1998,-0.341
MUS,MUS,1999,-0.393
MUS,MUS,2000,-0.305
MUS,MUS,2001,-0.034
MUS,MUS,2002,-0.244
MUS,MUS,2003,-0.216
MUS,MUS,2004,-0.052
MUS,MUS,2005,0.04
MUS,MUS,2006,-0.009
MUS,MUS,2007,-0.14
MUS,MUS,2008,-0.041
MUS,MUS,2009,0.009
MUS,MUS,2010,0.066
MUS,MUS,2011,-0.075
MUS,MUS,2012,0.145
MUS,MUS,2013,0.086
MUS,MUS,2014,0.13
MUS,MUS,2015,0.019
MUS,MUS,2016,-0.039
MUS,MUS,2017,0.108
MUS,MUS,2018,0.15
MUS,MUS,2019,0.091
MUS,MUS,2020,0.108
MUS,MUS,2021,0.232
MUS,MUS,2022,0.157
MUS,MUS,2023,0.156
MUS,MUS,2024,0.287
MEX,MEX,1995,0.795
MEX,MEX,1996,0.79
MEX,MEX,1997,0.791
MEX,MEX,1998,0.783
MEX,MEX,1999,0.81
MEX,MEX,2000,0.896
MEX,MEX,2001,0.929
MEX,MEX,2002,0.948
MEX,MEX,2003,0.961
MEX,MEX,2004,0.934
MEX,MEX,2005,0.926
MEX,MEX,2006,0.93
MEX,MEX,2007,0.902
MEX,MEX,2008,0.906
MEX,MEX,2009,0.924
MEX,MEX,2010,0.969
MEX,MEX,2011,0.938
MEX,MEX,2012,0.966
MEX,MEX,2013,0.934
MEX,MEX,2014,0.957
MEX,MEX,2015,0.983
MEX,MEX,2016,0.936
MEX,MEX,2017,0.932
MEX,MEX,2018,0.925
MEX,MEX,2019,0.953
MEX,MEX,2020,0.897
MEX,MEX,2021,0.933
MEX,MEX,2022,0.908
MEX,MEX,2023,0.931
MEX,MEX,2024,0.942
MNG,MNG,1995,-0.912
MNG,MNG,1996,-0.376
MNG,MNG,1997,-0.341
MNG,MNG,1998,-0.61
MNG,MNG,1999,-0.467
MNG,MNG,2000,-0.758
MNG,MNG,2001,-0.855
MNG,MNG,2002,-1.019
MNG,MNG,2003,-1.111
MNG,MNG,2004,-1.057
MNG,MNG,2005,-1.019
MNG,MNG,2006,-1.028
MNG,MNG,2007,-1.12
MNG,MNG,2008,-1.346
MNG,MNG,2009,-1.136
MNG,MNG,2010,-1.647
MNG,MNG,2011,-1.466
MNG,MNG,2012,-1.535
MNG,MNG,2013,-1.318
MNG,MNG,2014,-1.541
MNG,MNG,2015,-1.416
MNG,MNG,2016,-1.127
MNG,MNG,2017,-1.21
MNG,MNG,2018,-1.316
MNG,MNG,2019,-1.274
MNG,MNG,2020,-1.087
MNG,MNG,2021,-1.541
MNG,MNG,2022,-1.433
MNG,MNG,2023,-1.181
MNG,MNG,2024,-1.568
MDA,MDA,1995,0.404
MDA,MDA,1996,0.349
MDA,MDA,1997,0.195
MDA,MDA,1998,0.15
MDA,MDA,1999,0.083
MDA,MDA,2000,0.113
MDA,MDA,2001,0.028
MDA,MDA,2002,-0.064
MDA,MDA,2003,-0.021
MDA,MDA,2004,-0.02
MDA,MDA,2005,0.013
MDA,MDA,2006,0.064
MDA,MDA,2007,0.146
MDA,MDA,2008,0.305
MDA,MDA,2009,0.058
MDA,MDA,2010,-0.002
MDA,MDA,2011,0.026
MDA,MDA,2012,0.173
MDA,MDA,2013,0.149
MDA,MDA,2014,-0.008
MDA,MDA,2015,-0.078
MDA,MDA,2016,-0.048
MDA,MDA,2017,0.019
MDA,MDA,2018,-0.015
MDA,MDA,2019,-0.034
MDA,MDA,2020,0.066
MDA,MDA,2021,0.048
MDA,MDA,2022,0.123
MDA,MDA,2023,0.183
MDA,MDA,2024,0.203
MAR,MAR,1995,-0.492
MAR,MAR,1996,-0.553
MAR,MAR,1997,-0.476
MAR,MAR,1998,-0.494
MAR,MAR,1999,-0.455
MAR,MAR,2000,-0.511
MAR,MAR,2001,-0.501
MAR,MAR,2002,-0.457
MAR,MAR,2003,-0.421
MAR,MAR,2004,-0.362
MAR,MAR,2005,-0.289
MAR,MAR,2006,-0.318
MAR,MAR,2007,-0.35
MAR,MAR,2008,-0.327
MAR,MAR,2009,-0.307
MAR,MAR,2010,-0.353
MAR,MAR,2011,-0.428
MAR,MAR,2012,-0.301
MAR,MAR,2013,-0.327
MAR,MAR,2014,-0.321
MAR,MAR,2015,-0.432
MAR,MAR,2016,-0.402
MAR,MAR,2017,-0.334
MAR,MAR,2018,-0.349
MAR,MAR,2019,-0.397
MAR,MAR,2020,-0.278
MAR,MAR,2021,-0.316
MAR,MAR,2022,-0.386
MAR,MAR,2023,-0.203
MAR,MAR,2024,-0.05
MOZ,MOZ,1995,-1.535
MOZ,MOZ,1996,-1.651
MOZ,MOZ,1997,-0.991
MOZ,MOZ,1998,-1.637
MOZ,MOZ,1999,-1.416
MOZ,MOZ,2000,-0.929
MOZ,MOZ,2001,-1.677
MOZ,MOZ,2002,-1.547
MOZ,MOZ,2003,-1.355
MOZ,MOZ,2004,-0.971
MOZ,MOZ,2005,-1.754
MOZ,MOZ,2006,-1.431
MOZ,MOZ,2007,-1.29
MOZ,MOZ,2008,-1.186
MOZ,MOZ,2009,-0.926
MOZ,MOZ,2010,-1.687
MOZ,MOZ,2011,-1.285
MOZ,MOZ,2012,-1.506
MOZ,MOZ,2013,-1.308
MOZ,MOZ,2014,-1.306
MOZ,MOZ,2015,-1.25
MOZ,MOZ,2016,-1.458
MOZ,MOZ,2017,-1.579
MOZ,MOZ,2018,-1.477
MOZ,MOZ,2019,-1.533
MOZ,MOZ,2020,-1.547
MOZ,MOZ,2021,-1.491
MOZ,MOZ,2022,-1.57
MOZ,MOZ,2023,-1.648
MOZ,MOZ,2024,-1.227
OMN,OMN,1995,-0.121
OMN,OMN,1996,-0.146
OMN,OMN,1997,-0.048
OMN,OMN,1998,-0.056
OMN,OMN,1999,-0.056
OMN,OMN,2000,-0.36
OMN,OMN,2001,-0.116
OMN,OMN,2002,-0.139
OMN,OMN,2003,-0.352
OMN,OMN,2004,-0.302
OMN,OMN,2005,-0.107
OMN,OMN,2006,-0.311
OMN,OMN,2007,-0.208
OMN,OMN,2008,-0.265
OMN,OMN,2009,-0.313
OMN,OMN,2010,-0.31
OMN,OMN,2011,-0.312
OMN,OMN,2012,-0.352
OMN,OMN,2013,-0.35
OMN,OMN,2014,-0.273
OMN,OMN,2015,-0.323
OMN,OMN,2016,-0.314
OMN,OMN,2017,-0.143
OMN,OMN,2018,-0.166
OMN,OMN,2019,-0.075
OMN,OMN,2020,-0.055
OMN,OMN,2021,-0.202
OMN,OMN,2022,-0.145
OMN,OMN,2023,-0.27
OMN,OMN,2024,-0.546
NAM,NAM,2000,-0.36
NAM,NAM,2001,-0.408
NAM,NAM,2002,-0.066
NAM,NAM,2003,-0.057
NAM,NAM,2004,-0.228
NAM,NAM,2005,-0.274
NAM,NAM,2006,-0.308
NAM,NAM,2007,-0.296
NAM,NAM,2008,-0.012
NAM,NAM,2009,0.14
NAM,NAM,2010,-0.085
NAM,NAM,2011,-0.148
NAM,NAM,2012,0.006
NAM,NAM,2013,0.014
NAM,NAM,2014,-0.031
NAM,NAM,2015,-0.3
NAM,NAM,2016,-0.412
NAM,NAM,2017,-0.366
NAM,NAM,2018,-0.499
NAM,NAM,2019,-0.422
NAM,NAM,2020,-0.526
NAM,NAM,2021,-0.65
NAM,NAM,2022,-0.572
NAM,NAM,2023,-0.767
NAM,NAM,2024,-0.52
NPL,NPL,1995,-0.609
NPL,NPL,1996,-0.506
NPL,NPL,1997,-0.413
NPL,NPL,1998,-0.619
NPL,NPL,1999,-0.421
NPL,NPL,2000,-0.403
NPL,NPL,2001,-0.533
NPL,NPL,2002,-0.382
NPL,NPL,2003,-0.315
NPL,NPL,2004,-0.307
NPL,NPL,2005,-0.228
NPL,NPL,2006,-0.225
NPL,NPL,2007,-0.232
NPL,NPL,2008,-0.166
NPL,NPL,2009,-0.254
NPL,NPL,2010,-0.196
NPL,NPL,2011,-0.358
NPL,NPL,2012,-0.198
NPL,NPL,2013,-0.164
NPL,NPL,2014,-0.096
NPL,NPL,2015,-0.114
NPL,NPL,2016,-0.238
NPL,NPL,2017,-0.092
NPL,NPL,2018,-0.208
NPL,NPL,2019,-0.187
NPL,NPL,2020,-0.232
NPL,NPL,2021,-0.364
NPL,NPL,2022,-0.193
NPL,NPL,2023,-0.116
NPL,NPL,2024,-0.102
NLD,NLD,1995,1.055
NLD,NLD,1996,1.04
NLD,NLD,1997,1.02
NLD,NLD,1998,0.996
NLD,NLD,1999,1.038
NLD,NLD,2000,1.077
NLD,NLD,2001,1.086
NLD,NLD,2002,1.076
NLD,NLD,2003,1.078
NLD,NLD,2004,1.03
NLD,NLD,2005,1.002
NLD,NLD,2006,1.011
NLD,NLD,2007,1.002
NLD,NLD,2008,1.0
NLD,NLD,2009,1.004
NLD,NLD,2010,1.061
NLD,NLD,2011,1.05
NLD,NLD,2012,1.022
NLD,NLD,2013,1.039
NLD,NLD,2014,1.03
NLD,NLD,2015,1.047
NLD,NLD,2016,1.022
NLD,NLD,2017,0.995
NLD,NLD,2018,1.01
NLD,NLD,2019,1.007
NLD,NLD,2020,1.002
NLD,NLD,2021,1.01
NLD,NLD,2022,0.999
NLD,NLD,2023,0.993
NLD,NLD,2024,0.948
NZL,NZL,1995,0.666
NZL,NZL,1996,0.609
NZL,NZL,1997,0.625
NZL,NZL,1998,0.657
NZL,NZL,1999,0.634
NZL,NZL,2000,0.623
NZL,NZL,2001,0.61
NZL,NZL,2002,0.604
NZL,NZL,2003,0.615
NZL,NZL,2004,0.597
NZL,NZL,2005,0.623
NZL,NZL,2006,0.64
NZL,NZL,2007,0.58
NZL,NZL,2008,0.62
NZL,NZL,2009,0.54
NZL,NZL,2010,0.532
NZL,NZL,2011,0.565
NZL,NZL,2012,0.577
NZL,NZL,2013,0.557
NZL,NZL,2014,0.529
NZL,NZL,2015,0.504
NZL,NZL,2016,0.477
NZL,NZL,2017,0.484
NZL,NZL,2018,0.46
NZL,NZL,2019,0.472
NZL,NZL,2020,0.429
NZL,NZL,2021,0.439
NZL,NZL,2022,0.485
NZL,NZL,2023,0.473
NZL,NZL,2024,0.523
NIC,NIC,1995,-0.495
NIC,NIC,1996,-0.968
NIC,NIC,1997,-0.924
NIC,NIC,1998,-0.95
NIC,NIC,1999,-0.705
NIC,NIC,2000,-0.877
NIC,NIC,2001,-0.797
NIC,NIC,2002,-1.091
NIC,NIC,2003,-0.95
NIC,NIC,2004,-1.049
NIC,NIC,2005,-1.022
NIC,NIC,2006,-0.902
NIC,NIC,2007,-0.993
NIC,NIC,2008,-1.061
NIC,NIC,2009,-1.09
NIC,NIC,2010,-1.058
NIC,NIC,2011,-1.191
NIC,NIC,2012,-1.088
NIC,NIC,2013,-1.065
NIC,NIC,2014,-1.041
NIC,NIC,2015,-1.28
NIC,NIC,2016,-1.197
NIC,NIC,2017,-1.108
NIC,NIC,2018,-1.017
NIC,NIC,2019,-1.176
NIC,NIC,2020,-1.098
NIC,NIC,2021,-1.107
NIC,NIC,2022,-1.162
NIC,NIC,2023,-1.11
NIC,NIC,2024,-0.891
NER,NER,1995,-0.803
NER,NER,1996,-0.673
NER,NER,1997,-0.449
NER,NER,1998,-0.742
NER,NER,1999,-0.631
NER,NER,2000,-0.491
NER,NER,2001,-0.403
NER,NER,2002,-0.458
NER,NER,2003,-0.589
NER,NER,2004,-0.773
NER,NER,2005,-0.212
NER,NER,2006,-0.052
NER,NER,2007,-0.151
NER,NER,2008,-0.46
NER,NER,2009,-0.987
NER,NER,2010,-0.527
NER,NER,2011,-1.015
NER,NER,2012,-1.215
NER,NER,2013,-1.455
NER,NER,2014,-0.906
NER,NER,2015,-1.308
NER,NER,2016,-0.675
NER,NER,2017,-0.699
NER,NER,2018,-0.569
NER,NER,2019,-0.705
NER,NER,2020,-0.764
NER,NER,2021,-0.94
NER,NER,2022,-0.399
NER,NER,2023,-1.02
NER,NER,2024,-0.835
NGA,NGA,1995,-2.447
NGA,NGA,1996,-1.623
NGA,NGA,1997,-2.124
NGA,NGA,1998,-1.843
NGA,NGA,1999,-2.048
NGA,NGA,2000,-2.464
NGA,NGA,2001,-2.457
NGA,NGA,2002,-1.976
NGA,NGA,2003,-1.962
NGA,NGA,2004,-2.901
NGA,NGA,2005,-2.807
NGA,NGA,2006,-2.291
NGA,NGA,2007,-1.763
NGA,NGA,2008,-1.807
NGA,NGA,2009,-1.65
NGA,NGA,2010,-1.896
NGA,NGA,2011,-1.78
NGA,NGA,2012,-2.311
NGA,NGA,2013,-1.987
NGA,NGA,2014,-1.584
NGA,NGA,2015,-1.7
NGA,NGA,2016,-2.106
NGA,NGA,2017,-2.266
NGA,NGA,2018,-2.198
NGA,NGA,2019,-1.989
NGA,NGA,2020,-2.054
NGA,NGA,2021,-2.05
NGA,NGA,2022,-2.4
NGA,NGA,2023,-2.297
NGA,NGA,2024,-2.281
NOR,NOR,1995,1.244
NOR,NOR,1996,1.251
NOR,NOR,1997,1.203
NOR,NOR,1998,1.236
NOR,NOR,1999,1.213
NOR,NOR,2000,1.283
NOR,NOR,2001,1.233
NOR,NOR,2002,1.265
NOR,NOR,2003,1.282
NOR,NOR,2004,1.253
NOR,NOR,2005,1.187
NOR,NOR,2006,1.156
NOR,NOR,2007,1.139
NOR,NOR,2008,1.128
NOR,NOR,2009,1.151
NOR,NOR,2010,1.105
NOR,NOR,2011,1.182
NOR,NOR,2012,1.004
NOR,NOR,2013,0.995
NOR,NOR,2014,1.007
NOR,NOR,2015,1.054
NOR,NOR,2016,1.01
NOR,NOR,2017,0.937
NOR,NOR,2018,0.922
NOR,NOR,2019,0.962
NOR,NOR,2020,0.97
NOR,NOR,2021,0.854
NOR,NOR,2022,0.786
NOR,NOR,2023,0.732
NOR,NOR,2024,0.726
PAK,PAK,1995,-0.564
PAK,PAK,1996,-0.594
PAK,PAK,1997,-0.467
PAK,PAK,1998,-0.525
PAK,PAK,1999,-0.495
PAK,PAK,2000,-0.52
PAK,PAK,2001,-0.443
PAK,PAK,2002,-0.464
PAK,PAK,2003,-0.482
PAK,PAK,2004,-0.44
PAK,PAK,2005,-0.318
PAK,PAK,2006,-0.287
PAK,PAK,2007,-0.354
PAK,PAK,2008,-0.27
PAK,PAK,2009,-0.41
PAK,PAK,2010,-0.504
PAK,PAK,2011,-0.613
PAK,PAK,2012,-0.478
PAK,PAK,2013,-0.512
PAK,PAK,2014,-0.436
PAK,PAK,2015,-0.479
PAK,PAK,2016,-0.49
PAK,PAK,2017,-0.454
PAK,PAK,2018,-0.445
PAK,PAK,2019,-0.498
PAK,PAK,2020,-0.43
PAK,PAK,2021,-0.423
PAK,PAK,2022,-0.402
PAK,PAK,2023,-0.391
PAK,PAK,2024,-0.233
PAN,PAN,1995,0.397
PAN,PAN,1996,0.296
PAN,PAN,1997,0.286
PAN,PAN,1998,0.352
PAN,PAN,1999,0.477
PAN,PAN,2000,0.383
PAN,PAN,2001,0.411
PAN,PAN,2002,0.396
PAN,PAN,2003,0.24
PAN,PAN,2004,0.326
PAN,PAN,2005,0.299
PAN,PAN,2006,0.512
PAN,PAN,2007,0.538
PAN,PAN,2008,0.641
PAN,PAN,2009,0.686
PAN,PAN,2010,0.688
PAN,PAN,2011,0.783
PAN,PAN,2012,0.789
PAN,PAN,2013,0.801
PAN,PAN,2014,0.762
PAN,PAN,2015,0.787
PAN,PAN,2016,0.763
PAN,PAN,2017,0.733
PAN,PAN,2018,0.706
PAN,PAN,2019,0.718
PAN,PAN,2020,0.752
PAN,PAN,2021,0.187
PAN,PAN,2022,0.149
PAN,PAN,2023,0.133
PAN,PAN,2024,0.361
PNG,PNG,1995,-2.89
PNG,PNG,1996,-2.735
PNG,PNG,1997,-2.812
PNG,PNG,1998,-1.74
PNG,PNG,1999,-2.839
PNG,PNG,2000,-1.691
PNG,PNG,2001,-1.753
PNG,PNG,2002,-1.293
PNG,PNG,2003,-1.379
PNG,PNG,2004,-1.536
PNG,PNG,2005,-2.589
PNG,PNG,2006,-2.56
PNG,PNG,2007,-2.677
PNG,PNG,2008,-2.517
PNG,PNG,2009,-2.383
PNG,PNG,2010,-2.235
PNG,PNG,2011,-1.426
PNG,PNG,2012,-1.052
PNG,PNG,2013,-1.995
PNG,PNG,2014,-2.227
PNG,PNG,2015,-2.559
PNG,PNG,2016,-2.576
PNG,PNG,2017,-2.681
PNG,PNG,2018,-2.398
PNG,PNG,2019,-1.514
PNG,PNG,2020,-1.842
PNG,PNG,2021,-1.889
PNG,PNG,2022,-1.651
PNG,PNG,2023,-1.637
PNG,PNG,2024,-2.137
PRY,PRY,1995,-0.561
PRY,PRY,1996,-0.797
PRY,PRY,1997,-0.713
PRY,PRY,1998,-0.665
PRY,PRY,1999,-0.762
PRY,PRY,2000,-1.103
PRY,PRY,2001,-1.004
PRY,PRY,2002,-1.155
PRY,PRY,2003,-1.143
PRY,PRY,2004,-1.035
PRY,PRY,2005,-0.868
PRY,PRY,2006,-0.828
PRY,PRY,2007,-0.836
PRY,PRY,2008,-0.76
PRY,PRY,2009,-0.866
PRY,PRY,2010,-0.814
PRY,PRY,2011,-0.795
PRY,PRY,2012,-0.631
PRY,PRY,2013,-0.619
PRY,PRY,2014,-0.683
PRY,PRY,2015,-0.607
PRY,PRY,2016,-0.78
PRY,PRY,2017,-0.609
PRY,PRY,2018,-0.67
PRY,PRY,2019,-0.698
PRY,PRY,2020,-0.619
PRY,PRY,2021,-0.565
PRY,PRY,2022,-0.574
PRY,PRY,2023,-0.535
PRY,PRY,2024,-0.278
PER,PER,1995,-0.405
PER,PER,1996,-0.417
PER,PER,1997,-0.43
PER,PER,1998,-0.296
PER,PER,1999,-0.268
PER,PER,2000,-0.304
PER,PER,2001,-0.209
PER,PER,2002,-0.482
PER,PER,2003,-0.442
PER,PER,2004,-0.497
PER,PER,2005,-0.448
PER,PER,2006,-0.547
PER,PER,2007,-0.618
PER,PER,2008,-0.491
PER,PER,2009,-0.539
PER,PER,2010,-0.527
PER,PER,2011,-0.525
PER,PER,2012,-0.486
PER,PER,2013,-0.485
PER,PER,2014,-0.47
PER,PER,2015,-0.556
PER,PER,2016,-0.707
PER,PER,2017,-0.642
PER,PER,2018,-0.684
PER,PER,2019,-0.68
PER,PER,2020,-0.73
PER,PER,2021,-0.714
PER,PER,2022,-0.715
PER,PER,2023,-0.715
PER,PER,2024,-0.584
PHL,PHL,1995,0.128
PHL,PHL,1996,0.017
PHL,PHL,1997,0.027
PHL,PHL,1998,0.015
PHL,PHL,1999,0.112
PHL,PHL,2000,0.2
PHL,PHL,2001,0.254
PHL,PHL,2002,0.296
PHL,PHL,2003,0.207
PHL,PHL,2004,0.272
PHL,PHL,2005,0.269
PHL,PHL,2006,0.326
PHL,PHL,2007,0.362
PHL,PHL,2008,0.342
PHL,PHL,2009,0.423
PHL,PHL,2010,0.5
PHL,PHL,2011,0.424
PHL,PHL,2012,0.639
PHL,PHL,2013,0.576
PHL,PHL,2014,0.586
PHL,PHL,2015,0.579
PHL,PHL,2016,0.628
PHL,PHL,2017,0.731
PHL,PHL,2018,0.715
PHL,PHL,2019,0.732
PHL,PHL,2020,0.702
PHL,PHL,2021,0.803
PHL,PHL,2022,0.795
PHL,PHL,2023,0.757
PHL,PHL,2024,0.739
POL,POL,1995,0.887
POL,POL,1996,0.89
POL,POL,1997,0.854
POL,POL,1998,0.888
POL,POL,1999,0.88
POL,POL,2000,0.939
POL,POL,2001,0.951
POL,POL,2002,0.959
POL,POL,2003,0.982
POL,POL,2004,1.001
POL,POL,2005,0.934
POL,POL,2006,0.977
POL,POL,2007,0.988
POL,POL,2008,1.0
POL,POL,2009,0.984
POL,POL,2010,1.049
POL,POL,2011,1.092
POL,POL,2012,1.076
POL,POL,2013,1.086
POL,POL,2014,1.095
POL,POL,2015,1.127
POL,POL,2016,1.107
POL,POL,2017,1.097
POL,POL,2018,1.093
POL,POL,2019,1.06
POL,POL,2020,1.047
POL,POL,2021,1.051
POL,POL,2022,1.03
POL,POL,2023,1.025
POL,POL,2024,0.982
PRT,PRT,1995,0.621
PRT,PRT,1996,0.6
PRT,PRT,1997,0.618
PRT,PRT,1998,0.598
PRT,PRT,1999,0.639
PRT,PRT,2000,0.668
PRT,PRT,2001,0.668
PRT,PRT,2002,0.67
PRT,PRT,2003,0.659
PRT,PRT,2004,0.645
PRT,PRT,2005,0.649
PRT,PRT,2006,0.642
PRT,PRT,2007,0.679
PRT,PRT,2008,0.704
PRT,PRT,2009,0.689
PRT,PRT,2010,0.707
PRT,PRT,2011,0.696
PRT,PRT,2012,0.752
PRT,PRT,2013,0.739
PRT,PRT,2014,0.729
PRT,PRT,2015,0.73
PRT,PRT,2016,0.702
PRT,PRT,2017,0.712
PRT,PRT,2018,0.746
PRT,PRT,2019,0.72
PRT,PRT,2020,0.727
PRT,PRT,2021,0.708
PRT,PRT,2022,0.683
PRT,PRT,2023,0.698
PRT,PRT,2024,0.713
QAT,QAT,1995,0.4
QAT,QAT,1996,0.332
QAT,QAT,1997,-0.117
QAT,QAT,1998,0.347
QAT,QAT,1999,0.343
QAT,QAT,2000,-0.042
QAT,QAT,2001,-0.553
QAT,QAT,2002,0.103
QAT,QAT,2003,-0.118
QAT,QAT,2004,0.244
QAT,QAT,2005,0.398
QAT,QAT,2006,0.311
QAT,QAT,2007,0.586
QAT,QAT,2008,0.031
QAT,QAT,2009,0.514
QAT,QAT,2010,0.036
QAT,QAT,2011,-0.005
QAT,QAT,2012,-0.248
QAT,QAT,2013,-0.106
QAT,QAT,2014,-0.279
QAT,QAT,2015,-0.163
QAT,QAT,2016,-0.066
QAT,QAT,2017,-0.251
QAT,QAT,2018,0.06
QAT,QAT,2019,0.104
QAT,QAT,2020,0.348
QAT,QAT,2021,0.001
QAT,QAT,2022,0.308
QAT,QAT,2023,-0.131
QAT,QAT,2024,0.083
ROU,ROU,1995,0.779
ROU,ROU,1996,0.83
ROU,ROU,1997,0.732
ROU,ROU,1998,0.596
ROU,ROU,1999,0.538
ROU,ROU,2000,0.575
ROU,ROU,2001,0.576
ROU,ROU,2002,0.595
ROU,ROU,2003,0.638
ROU,ROU,2004,0.661
ROU,ROU,2005,0.634
ROU,ROU,2006,0.693
ROU,ROU,2007,0.762
ROU,ROU,2008,0.803
ROU,ROU,2009,0.81
ROU,ROU,2010,0.797
ROU,ROU,2011,0.781
ROU,ROU,2012,0.842
ROU,ROU,2013,0.847
ROU,ROU,2014,0.881
ROU,ROU,2015,0.917
ROU,ROU,2016,0.993
ROU,ROU,2017,0.97
ROU,ROU,2018,1.006
ROU,ROU,2019,1.02
ROU,ROU,2020,1.004
ROU,ROU,2021,1.031
ROU,ROU,2022,1.019
ROU,ROU,2023,1.023
ROU,ROU,2024,0.993
RUS,RUS,1995,0.774
RUS,RUS,1996,1.143
RUS,RUS,1997,1.087
RUS,RUS,1998,1.104
RUS,RUS,1999,1.135
RUS,RUS,2000,1.23
RUS,RUS,2001,1.169
RUS,RUS,2002,1.253
RUS,RUS,2003,1.248
RUS,RUS,2004,1.168
RUS,RUS,2005,1.108
RUS,RUS,2006,1.058
RUS,RUS,2007,1.012
RUS,RUS,2008,0.998
RUS,RUS,2009,1.007
RUS,RUS,2010,0.967
RUS,RUS,2011,1.034
RUS,RUS,2012,0.859
RUS,RUS,2013,0.823
RUS,RUS,2014,0.796
RUS,RUS,2015,0.769
RUS,RUS,2016,0.766
RUS,RUS,2017,0.729
RUS,RUS,2018,0.7
RUS,RUS,2019,0.719
RUS,RUS,2020,0.754
RUS,RUS,2021,0.686
RUS,RUS,2022,0.417
RUS,RUS,2023,0.239
RUS,RUS,2024,0.243
RWA,RWA,1995,-0.502
RWA,RWA,1996,-0.224
RWA,RWA,1997,-0.726
RWA,RWA,1998,-0.645
RWA,RWA,1999,-0.97
RWA,RWA,2000,-0.636
RWA,RWA,2001,-1.5
RWA,RWA,2002,-0.759
RWA,RWA,2003,-1.159
RWA,RWA,2004,-1.43
RWA,RWA,2005,-0.52
RWA,RWA,2006,-0.512
RWA,RWA,2007,-0.707
RWA,RWA,2008,-1.072
RWA,RWA,2009,-0.58
RWA,RWA,2010,-0.793
RWA,RWA,2011,-0.857
RWA,RWA,2012,-0.966
RWA,RWA,2013,-0.751
RWA,RWA,2014,-0.794
RWA,RWA,2015,-0.752
RWA,RWA,2016,-0.775
RWA,RWA,2017,-0.813
RWA,RWA,2018,-0.599
RWA,RWA,2019,-0.657
RWA,RWA,2020,-0.583
RWA,RWA,2021,-0.621
RWA,RWA,2022,-0.641
RWA,RWA,2023,-1.035
RWA,RWA,2024,-1.098
SAU,SAU,1995,0.679
SAU,SAU,1996,0.615
SAU,SAU,1997,0.596
SAU,SAU,1998,0.724
SAU,SAU,1999,0.587
SAU,SAU,2000,0.703
SAU,SAU,2001,0.681
SAU,SAU,2002,0.594
SAU,SAU,2003,0.568
SAU,SAU,2004,0.678
SAU,SAU,2005,0.716
SAU,SAU,2006,0.575
SAU,SAU,2007,0.589
SAU,SAU,2008,0.421
SAU,SAU,2009,0.503
SAU,SAU,2010,0.551
SAU,SAU,2011,0.582
SAU,SAU,2012,0.472
SAU,SAU,2013,0.593
SAU,SAU,2014,0.566
SAU,SAU,2015,0.584
SAU,SAU,2016,0.544
SAU,SAU,2017,0.549
SAU,SAU,2018,0.651
SAU,SAU,2019,0.658
SAU,SAU,2020,0.652
SAU,SAU,2021,0.643
SAU,SAU,2022,0.573
SAU,SAU,2023,0.485
SAU,SAU,2024,0.538
SEN,SEN,1995,0.354
SEN,SEN,1996,-0.428
SEN,SEN,1997,-0.298
SEN,SEN,1998,-0.407
SEN,SEN,1999,-0.443
SEN,SEN,2000,-0.191
SEN,SEN,2001,-0.336
SEN,SEN,2002,-0.346
SEN,SEN,2003,-0.218
SEN,SEN,2004,-0.303
SEN,SEN,2005,-0.154
SEN,SEN,2006,-0.218
SEN,SEN,2007,-0.149
SEN,SEN,2008,-0.459
SEN,SEN,2009,-0.508
SEN,SEN,2010,-0.46
SEN,SEN,2011,-0.688
SEN,SEN,2012,-0.418
SEN,SEN,2013,-0.542
SEN,SEN,2014,-0.573
SEN,SEN,2015,-0.781
SEN,SEN,2016,-0.725
SEN,SEN,2017,-0.692
SEN,SEN,2018,-0.758
SEN,SEN,2019,-0.785
SEN,SEN,2020,-0.649
SEN,SEN,2021,-0.703
SEN,SEN,2022,-0.693
SEN,SEN,2023,-0.786
SEN,SEN,2024,-0.507
SRB,SRB,2006,0.609
SRB,SRB,2007,0.642
SRB,SRB,2008,0.679
SRB,SRB,2009,0.63
SRB,SRB,2010,0.656
SRB,SRB,2011,0.6
SRB,SRB,2012,0.705
SRB,SRB,2013,0.641
SRB,SRB,2014,0.676
SRB,SRB,2015,0.631
SRB,SRB,2016,0.639
SRB,SRB,2017,0.664
SRB,SRB,2018,0.71
SRB,SRB,2019,0.69
SRB,SRB,2020,0.703
SRB,SRB,2021,0.733
SRB,SRB,2022,0.757
SRB,SRB,2023,0.775
SRB,SRB,2024,0.763
SGP,SGP,1995,0.922
SGP,SGP,1996,0.956
SGP,SGP,1997,0.952
SGP,SGP,1998,0.93
SGP,SGP,1999,1.006
SGP,SGP,2000,1.13
SGP,SGP,2001,1.146
SGP,SGP,2002,1.199
SGP,SGP,2003,1.282
SGP,SGP,2004,1.298
SGP,SGP,2005,1.232
SGP,SGP,2006,1.233
SGP,SGP,2007,1.321
SGP,SGP,2008,1.301
SGP,SGP,2009,1.42
SGP,SGP,2010,1.471
SGP,SGP,2011,1.493
SGP,SGP,2012,1.452
SGP,SGP,2013,1.483
SGP,SGP,2014,1.465
SGP,SGP,2015,1.564
SGP,SGP,2016,1.603
SGP,SGP,2017,1.571
SGP,SGP,2018,1.631
SGP,SGP,2019,1.681
SGP,SGP,2020,1.672
SGP,SGP,2021,1.664
SGP,SGP,2022,1.651
SGP,SGP,2023,1.679
SGP,SGP,2024,1.52
SVK,SVK,1995,1.112
SVK,SVK,1996,1.127
SVK,SVK,1997,1.07
SVK,SVK,1998,1.055
SVK,SVK,1999,1.043
SVK,SVK,2000,1.105
SVK,SVK,2001,1.119
SVK,SVK,2002,1.101
SVK,SVK,2003,1.119
SVK,SVK,2004,1.103
SVK,SVK,2005,1.13
SVK,SVK,2006,1.125
SVK,SVK,2007,1.139
SVK,SVK,2008,1.16
SVK,SVK,2009,1.118
SVK,SVK,2010,1.133
SVK,SVK,2011,1.147
SVK,SVK,2012,1.143
SVK,SVK,2013,1.163
SVK,SVK,2014,1.197
SVK,SVK,2015,1.204
SVK,SVK,2016,1.204
SVK,SVK,2017,1.213
SVK,SVK,2018,1.207
SVK,SVK,2019,1.23
SVK,SVK,2020,1.235
SVK,SVK,2021,1.246
SVK,SVK,2022,1.214
SVK,SVK,2023,1.201
SVK,SVK,2024,1.118
VNM,VNM,1995,-0.968
VNM,VNM,1996,-0.81
VNM,VNM,1997,-0.784
VNM,VNM,1998,-0.715
VNM,VNM,1999,-0.581
VNM,VNM,2000,-0.49
VNM,VNM,2001,-0.26
VNM,VNM,2002,-0.292
VNM,VNM,2003,-0.248
VNM,VNM,2004,-0.178
VNM,VNM,2005,-0.115
VNM,VNM,2006,0.029
VNM,VNM,2007,-0.008
VNM,VNM,2008,0.043
VNM,VNM,2009,0.09
VNM,VNM,2010,0.119
VNM,VNM,2011,0.154
VNM,VNM,2012,0.265
VNM,VNM,2013,0.223
VNM,VNM,2014,0.3
VNM,VNM,2015,0.243
VNM,VNM,2016,0.295
VNM,VNM,2017,0.377
VNM,VNM,2018,0.377
VNM,VNM,2019,0.403
VNM,VNM,2020,0.45
VNM,VNM,2021,0.547
VNM,VNM,2022,0.477
VNM,VNM,2023,0.579
VNM,VNM,2024,0.672
SVN,SVN,1995,1.263
SVN,SVN,1996,1.249
SVN,SVN,1997,1.226
SVN,SVN,1998,1.208
SVN,SVN,1999,1.209
SVN,SVN,2000,1.296
SVN,SVN,2001,1.293
SVN,SVN,2002,1.346
SVN,SVN,2003,1.37
SVN,SVN,2004,1.355
SVN,SVN,2005,1.29
SVN,SVN,2006,1.262
SVN,SVN,2007,1.296
SVN,SVN,2008,1.305
SVN,SVN,2009,1.3
SVN,SVN,2010,1.342
SVN,SVN,2011,1.411
SVN,SVN,2012,1.359
SVN,SVN,2013,1.37
SVN,SVN,2014,1.368
SVN,SVN,2015,1.405
SVN,SVN,2016,1.367
SVN,SVN,2017,1.342
SVN,SVN,2018,1.379
SVN,SVN,2019,1.375
SVN,SVN,2020,1.326
SVN,SVN,2021,1.351
SVN,SVN,2022,1.337
SVN,SVN,2023,1.355
SVN,SVN,2024,1.277
ZAF,ZAF,2000,0.707
ZAF,ZAF,2001,0.642
ZAF,ZAF,2002,0.64
ZAF,ZAF,2003,0.672
ZAF,ZAF,2004,0.658
ZAF,ZAF,2005,0.655
ZAF,ZAF,2006,0.632
ZAF,ZAF,2007,0.614
ZAF,ZAF,2008,0.583
ZAF,ZAF,2009,0.571
ZAF,ZAF,2010,0.535
ZAF,ZAF,2011,0.573
ZAF,ZAF,2012,0.579
ZAF,ZAF,2013,0.579
ZAF,ZAF,2014,0.555
ZAF,ZAF,2015,0.492
ZAF,ZAF,2016,0.477
ZAF,ZAF,2017,0.452
ZAF,ZAF,2018,0.429
ZAF,ZAF,2019,0.424
ZAF,ZAF,2020,0.378
ZAF,ZAF,2021,0.334
ZAF,ZAF,2022,0.345
ZAF,ZAF,2023,0.293
ZAF,ZAF,2024,0.378
ZWE,ZWE,1995,-0.235
ZWE,ZWE,1996,-0.222
ZWE,ZWE,1997,-0.049
ZWE,ZWE,1998,-0.581
ZWE,ZWE,1999,-0.006
ZWE,ZWE,2000,-0.43
ZWE,ZWE,2001,-0.651
ZWE,ZWE,2002,-0.392
ZWE,ZWE,2003,-0.271
ZWE,ZWE,2004,-0.422
ZWE,ZWE,2005,-0.406
ZWE,ZWE,2006,-0.512
ZWE,ZWE,2007,-0.441
ZWE,ZWE,2008,-0.458
ZWE,ZWE,2009,-0.617
ZWE,ZWE,2010,-0.745
ZWE,ZWE,2011,-0.797
ZWE,ZWE,2012,-0.743
ZWE,ZWE,2013,-0.688
ZWE,ZWE,2014,-0.806
ZWE,ZWE,2015,-0.909
ZWE,ZWE,2016,-1.018
ZWE,ZWE,2017,-0.984
ZWE,ZWE,2018,-1.116
ZWE,ZWE,2019,-1.089
ZWE,ZWE,2020,-1.121
ZWE,ZWE,2021,-1.094
ZWE,ZWE,2022,-1.088
ZWE,ZWE,2023,-1.124
ZWE,ZWE,2024,-1.091
ESP,ESP,1995,1.04
ESP,ESP,1996,1.002
ESP,ESP,1997,0.983
ESP,ESP,1998,0.988
ESP,ESP,1999,0.996
ESP,ESP,2000,1.019
ESP,ESP,2001,1.008
ESP,ESP,2002,1.006
ESP,ESP,2003,0.98
ESP,ESP,2004,0.972
ESP,ESP,2005,0.935
ESP,ESP,2006,0.933
ESP,ESP,2007,0.943
ESP,ESP,2008,0.907
ESP,ESP,2009,0.889
ESP,ESP,2010,0.902
ESP,ESP,2011,0.885
ESP,ESP,2012,0.865
ESP,ESP,2013,0.891
ESP,ESP,2014,0.888
ESP,ESP,2015,0.865
ESP,ESP,2016,0.867
ESP,ESP,2017,0.848
ESP,ESP,2018,0.844
ESP,ESP,2019,0.833
ESP,ESP,2020,0.823
ESP,ESP,2021,0.817
ESP,ESP,2022,0.813
ESP,ESP,2023,0.812
ESP,ESP,2024,0.814
SDN,SDN,1995,-1.562
SDN,SDN,1996,-1.597
SDN,SDN,1997,-1.817
SDN,SDN,1998,-1.485
SDN,SDN,1999,-1.656
SDN,SDN,2000,-1.982
SDN,SDN,2001,-1.777
SDN,SDN,2002,-1.462
SDN,SDN,2003,-1.658
SDN,SDN,2004,-2.179
SDN,SDN,2005,-1.921
SDN,SDN,2006,-2.038
SDN,SDN,2007,-1.986
SDN,SDN,2008,-2.536
SDN,SDN,2009,-2.827
SDN,SDN,2010,-2.652
SDN,SDN,2011,-2.435
SDN,SDN,2012,-1.774
SDN,SDN,2013,-1.717
SDN,SDN,2014,-2.157
SDN,SDN,2015,-2.087
SDN,SDN,2016,-2.042
SDN,SDN,2017,-2.191
SDN,SDN,2018,-1.911
SDN,SDN,2019,-1.975
SDN,SDN,2020,-2.251
SDN,SDN,2021,-1.561
SDN,SDN,2022,-2.008
SDN,SDN,2023,-2.582
SDN,SDN,2024,-2.078
SWZ,SWZ,2000,0.312
SWZ,SWZ,2001,0.351
SWZ,SWZ,2002,0.317
SWZ,SWZ,2003,0.219
SWZ,SWZ,2004,0.398
SWZ,SWZ,2005,0.575
SWZ,SWZ,2006,0.841
SWZ,SWZ,2007,0.875
SWZ,SWZ,2008,0.735
SWZ,SWZ,2009,0.767
SWZ,SWZ,2010,0.414
SWZ,SWZ,2011,0.297
SWZ,SWZ,2012,0.304
SWZ,SWZ,2013,0.325
SWZ,SWZ,2014,0.356
SWZ,SWZ,2015,0.359
SWZ,SWZ,2016,0.368
SWZ,SWZ,2017,0.333
SWZ,SWZ,2018,0.296
SWZ,SWZ,2019,0.15
SWZ,SWZ,2020,0.412
SWZ,SWZ,2021,0.343
SWZ,SWZ,2022,0.189
SWZ,SWZ,2023,0.172
SWZ,SWZ,2024,0.271
SWE,SWE,1995,1.633
SWE,SWE,1996,1.625
SWE,SWE,1997,1.563
SWE,SWE,1998,1.56
SWE,SWE,1999,1.55
SWE,SWE,2000,1.633
SWE,SWE,2001,1.574
SWE,SWE,2002,1.645
SWE,SWE,2003,1.569
SWE,SWE,2004,1.531
SWE,SWE,2005,1.423
SWE,SWE,2006,1.419
SWE,SWE,2007,1.468
SWE,SWE,2008,1.435
SWE,SWE,2009,1.485
SWE,SWE,2010,1.507
SWE,SWE,2011,1.569
SWE,SWE,2012,1.457
SWE,SWE,2013,1.452
SWE,SWE,2014,1.446
SWE,SWE,2015,1.458
SWE,SWE,2016,1.464
SWE,SWE,2017,1.398
SWE,SWE,2018,1.396
SWE,SWE,2019,1.405
SWE,SWE,2020,1.375
SWE,SWE,2021,1.386
SWE,SWE,2022,1.37
SWE,SWE,2023,1.373
SWE,SWE,2024,1.236
CHE,CHE,1995,1.595
CHE,CHE,1996,1.622
CHE,CHE,1997,1.599
CHE,CHE,1998,1.575
CHE,CHE,1999,1.59
CHE,CHE,2000,1.703
CHE,CHE,2001,1.706
CHE,CHE,2002,1.732
CHE,CHE,2003,1.704
CHE,CHE,2004,1.658
CHE,CHE,2005,1.582
CHE,CHE,2006,1.581
CHE,CHE,2007,1.66
CHE,CHE,2008,1.624
CHE,CHE,2009,1.676
CHE,CHE,2010,1.728
CHE,CHE,2011,1.768
CHE,CHE,2012,1.726
CHE,CHE,2013,1.75
CHE,CHE,2014,1.797
CHE,CHE,2015,1.836
CHE,CHE,2016,1.839
CHE,CHE,2017,1.73
CHE,CHE,2018,1.752
CHE,CHE,2019,1.758
CHE,CHE,2020,1.725
CHE,CHE,2021,1.736
CHE,CHE,2022,1.749
CHE,CHE,2023,1.773
CHE,CHE,2024,1.584
TJK,TJK,1995,-0.169
TJK,TJK,1996,-0.288
TJK,TJK,1997,-0.44
TJK,TJK,1998,-0.376
TJK,TJK,1999,-0.435
TJK,TJK,2000,-0.75
TJK,TJK,2001,-0.774
TJK,TJK,2002,-1.006
TJK,TJK,2003,-1.035
TJK,TJK,2004,-0.791
TJK,TJK,2005,-0.92
TJK,TJK,2006,-1.063
TJK,TJK,2007,-1.383
TJK,TJK,2008,-1.182
TJK,TJK,2009,-1.378
TJK,TJK,2010,-1.562
TJK,TJK,2011,-1.353
TJK,TJK,2012,-1.634
TJK,TJK,2013,-1.274
TJK,TJK,2014,-0.776
TJK,TJK,2015,-1.29
TJK,TJK,2016,-1.142
TJK,TJK,2017,-0.841
TJK,TJK,2018,-1.029
TJK,TJK,2019,-1.023
TJK,TJK,2020,-0.909
TJK,TJK,2021,-1.317
TJK,TJK,2022,-1.288
TJK,TJK,2023,-1.01
TJK,TJK,2024,-1.399
THA,THA,1995,0.405
THA,THA,1996,0.38
THA,THA,1997,0.379
THA,THA,1998,0.405
THA,THA,1999,0.465
THA,THA,2000,0.562
THA,THA,2001,0.598
THA,THA,2002,0.583
THA,THA,2003,0.608
THA,THA,2004,0.629
THA,THA,2005,0.647
THA,THA,2006,0.691
THA,THA,2007,0.704
THA,THA,2008,0.723
THA,THA,2009,0.723
THA,THA,2010,0.779
THA,THA,2011,0.78
THA,THA,2012,0.805
THA,THA,2013,0.863
THA,THA,2014,0.909
THA,THA,2015,0.931
THA,THA,2016,0.927
THA,THA,2017,0.941
THA,THA,2018,0.931
THA,THA,2019,0.954
THA,THA,2020,0.952
THA,THA,2021,0.955
THA,THA,2022,0.869
THA,THA,2023,0.855
THA,THA,2024,0.812
TGO,TGO,1995,-0.86
TGO,TGO,1996,-1.009
TGO,TGO,1997,-0.811
TGO,TGO,1998,-0.883
TGO,TGO,1999,-0.809
TGO,TGO,2000,-0.977
TGO,TGO,2001,-0.91
TGO,TGO,2002,-0.794
TGO,TGO,2003,-0.63
TGO,TGO,2004,-0.877
TGO,TGO,2005,-0.75
TGO,TGO,2006,-0.876
TGO,TGO,2007,-0.812
TGO,TGO,2008,-0.794
TGO,TGO,2009,-0.91
TGO,TGO,2010,-0.855
TGO,TGO,2011,-1.138
TGO,TGO,2012,-0.931
TGO,TGO,2013,-0.638
TGO,TGO,2014,-0.781
TGO,TGO,2015,-0.946
TGO,TGO,2016,-0.976
TGO,TGO,2017,-1.122
TGO,TGO,2018,-1.097
TGO,TGO,2019,-1.146
TGO,TGO,2020,-1.135
TGO,TGO,2021,-1.231
TGO,TGO,2022,-1.159
TGO,TGO,2023,-1.239
TGO,TGO,2024,-0.637
TTO,TTO,1995,0.219
TTO,TTO,1996,0.166
TTO,TTO,1997,0.216
TTO,TTO,1998,0.273
TTO,TTO,1999,0.234
TTO,TTO,2000,0.064
TTO,TTO,2001,0.229
TTO,TTO,2002,0.012
TTO,TTO,2003,0.065
TTO,TTO,2004,0.054
TTO,TTO,2005,0.132
TTO,TTO,2006,0.061
TTO,TTO,2007,-0.173
TTO,TTO,2008,-0.254
TTO,TTO,2009,-0.215
TTO,TTO,2010,-0.203
TTO,TTO,2011,-0.171
TTO,TTO,2012,-0.152
TTO,TTO,2013,-0.161
TTO,TTO,2014,-0.346
TTO,TTO,2015,-0.273
TTO,TTO,2016,-0.077
TTO,TTO,2017,-0.078
TTO,TTO,2018,-0.067
TTO,TTO,2019,0.06
TTO,TTO,2020,0.047
TTO,TTO,2021,-0.028
TTO,TTO,2022,-0.255
TTO,TTO,2023,0.071
TTO,TTO,2024,0.056
ARE,ARE,1995,0.249
ARE,ARE,1996,0.214
ARE,ARE,1997,0.365
ARE,ARE,1998,0.374
ARE,ARE,1999,0.361
ARE,ARE,2000,0.278
ARE,ARE,2001,0.392
ARE,ARE,2002,0.451
ARE,ARE,2003,0.409
ARE,ARE,2004,0.481
ARE,ARE,2005,0.478
ARE,ARE,2006,0.355
ARE,ARE,2007,0.445
ARE,ARE,2008,0.446
ARE,ARE,2009,0.413
ARE,ARE,2010,0.532
ARE,ARE,2011,0.54
ARE,ARE,2012,0.699
ARE,ARE,2013,0.531
ARE,ARE,2014,0.538
ARE,ARE,2015,0.56
ARE,ARE,2016,0.543
ARE,ARE,2017,0.704
ARE,ARE,2018,0.683
ARE,ARE,2019,0.701
ARE,ARE,2020,0.711
ARE,ARE,2021,0.693
ARE,ARE,2022,0.686
ARE,ARE,2023,0.705
ARE,ARE,2024,0.384
TUN,TUN,1995,0.079
TUN,TUN,1996,0.039
TUN,TUN,1997,0.195
TUN,TUN,1998,0.128
TUN,TUN,1999,0.105
TUN,TUN,2000,0.107
TUN,TUN,2001,0.103
TUN,TUN,2002,0.084
TUN,TUN,2003,0.137
TUN,TUN,2004,0.18
TUN,TUN,2005,0.192
TUN,TUN,2006,0.233
TUN,TUN,2007,0.169
TUN,TUN,2008,0.256
TUN,TUN,2009,0.276
TUN,TUN,2010,0.327
TUN,TUN,2011,0.213
TUN,TUN,2012,0.428
TUN,TUN,2013,0.371
TUN,TUN,2014,0.405
TUN,TUN,2015,0.333
TUN,TUN,2016,0.34
TUN,TUN,2017,0.435
TUN,TUN,2018,0.412
TUN,TUN,2019,0.382
TUN,TUN,2020,0.391
TUN,TUN,2021,0.441
TUN,TUN,2022,0.366
TUN,TUN,2023,0.49
TUN,TUN,2024,0.565
TUR,TUR,1995,0.371
TUR,TUR,1996,0.384
TUR,TUR,1997,0.396
TUR,TUR,1998,0.416
TUR,TUR,1999,0.441
TUR,TUR,2000,0.47
TUR,TUR,2001,0.481
TUR,TUR,2002,0.425
TUR,TUR,2003,0.447
TUR,TUR,2004,0.474
TUR,TUR,2005,0.512
TUR,TUR,2006,0.511
TUR,TUR,2007,0.523
TUR,TUR,2008,0.54
TUR,TUR,2009,0.485
TUR,TUR,2010,0.512
TUR,TUR,2011,0.503
TUR,TUR,2012,0.58
TUR,TUR,2013,0.569
TUR,TUR,2014,0.597
TUR,TUR,2015,0.578
TUR,TUR,2016,0.597
TUR,TUR,2017,0.606
TUR,TUR,2018,0.593
TUR,TUR,2019,0.592
TUR,TUR,2020,0.593
TUR,TUR,2021,0.581
TUR,TUR,2022,0.626
TUR,TUR,2023,0.676
TUR,TUR,2024,0.697
TKM,TKM,1995,-0.952
TKM,TKM,1996,-0.983
TKM,TKM,1997,-0.531
TKM,TKM,1998,-0.224
TKM,TKM,1999,-0.752
TKM,TKM,2000,-1.202
TKM,TKM,2001,-1.446
TKM,TKM,2002,-1.375
TKM,TKM,2003,-1.656
TKM,TKM,2004,-1.469
TKM,TKM,2005,-1.28
TKM,TKM,2006,-1.499
TKM,TKM,2007,-1.625
TKM,TKM,2008,-1.623
TKM,TKM,2009,-1.471
TKM,TKM,2010,-1.501
TKM,TKM,2011,-2.223
TKM,TKM,2012,-2.072
TKM,TKM,2013,-1.98
TKM,TKM,2014,-1.738
TKM,TKM,2015,-1.888
TKM,TKM,2016,-1.533
TKM,TKM,2017,-1.551
TKM,TKM,2018,-1.244
TKM,TKM,2019,-1.267
TKM,TKM,2020,-1.116
TKM,TKM,2021,-1.431
TKM,TKM,2022,-1.386
TKM,TKM,2023,-1.343
TKM,TKM,2024,-1.202
UGA,UGA,1995,-0.91
UGA,UGA,1996,-1.208
UGA,UGA,1997,-1.053
UGA,UGA,1998,-1.167
UGA,UGA,1999,-1.33
UGA,UGA,2000,-1.263
UGA,UGA,2001,-1.05
UGA,UGA,2002,-1.138
UGA,UGA,2003,-0.974
UGA,UGA,2004,-1.004
UGA,UGA,2005,-0.766
UGA,UGA,2006,-0.731
UGA,UGA,2007,-0.802
UGA,UGA,2008,-0.686
UGA,UGA,2009,-0.666
UGA,UGA,2010,-0.56
UGA,UGA,2011,-0.619
UGA,UGA,2012,-0.47
UGA,UGA,2013,-0.484
UGA,UGA,2014,-0.526
UGA,UGA,2015,-0.654
UGA,UGA,2016,-0.58
UGA,UGA,2017,-0.786
UGA,UGA,2018,-0.729
UGA,UGA,2019,-0.785
UGA,UGA,2020,-0.786
UGA,UGA,2021,-0.696
UGA,UGA,2022,-0.742
UGA,UGA,2023,-0.742
UGA,UGA,2024,-0.524
UKR,UKR,1995,0.76
UKR,UKR,1996,1.082
UKR,UKR,1997,1.036
UKR,UKR,1998,0.97
UKR,UKR,1999,0.895
UKR,UKR,2000,0.912
UKR,UKR,2001,0.924
UKR,UKR,2002,1.002
UKR,UKR,2003,0.999
UKR,UKR,2004,0.948
UKR,UKR,2005,0.861
UKR,UKR,2006,0.862
UKR,UKR,2007,0.847
UKR,UKR,2008,0.836
UKR,UKR,2009,0.786
UKR,UKR,2010,0.784
UKR,UKR,2011,0.825
UKR,UKR,2012,0.784
UKR,UKR,2013,0.765
UKR,UKR,2014,0.774
UKR,UKR,2015,0.694
UKR,UKR,2016,0.686
UKR,UKR,2017,0.614
UKR,UKR,2018,0.581
UKR,UKR,2019,0.597
UKR,UKR,2020,0.59
UKR,UKR,2021,0.537
UKR,UKR,2022,0.509
UKR,UKR,2023,0.447
UKR,UKR,2024,0.359
MKD,MKD,1995,0.494
MKD,MKD,1996,0.519
MKD,MKD,1997,0.407
MKD,MKD,1998,0.339
MKD,MKD,1999,0.276
MKD,MKD,2000,0.207
MKD,MKD,2001,0.169
MKD,MKD,2002,0.094
MKD,MKD,2003,0.038
MKD,MKD,2004,0.017
MKD,MKD,2005,0.021
MKD,MKD,2006,-0.064
MKD,MKD,2007,-0.076
MKD,MKD,2008,-0.038
MKD,MKD,2009,-0.097
MKD,MKD,2010,-0.072
MKD,MKD,2011,-0.105
MKD,MKD,2012,-0.004
MKD,MKD,2013,0.002
MKD,MKD,2014,0.098
MKD,MKD,2015,0.041
MKD,MKD,2016,0.068
MKD,MKD,2017,0.091
MKD,MKD,2018,0.123
MKD,MKD,2019,0.138
MKD,MKD,2020,0.2
MKD,MKD,2021,0.252
MKD,MKD,2022,0.264
MKD,MKD,2023,0.294
MKD,MKD,2024,0.405
EGY,EGY,1995,-0.054
EGY,EGY,1996,-0.147
EGY,EGY,1997,-0.0
EGY,EGY,1998,-0.048
EGY,EGY,1999,-0.028
EGY,EGY,2000,-0.028
EGY,EGY,2001,-0.028
EGY,EGY,2002,0.008
EGY,EGY,2003,0.052
EGY,EGY,2004,0.041
EGY,EGY,2005,0.054
EGY,EGY,2006,0.115
EGY,EGY,2007,0.057
EGY,EGY,2008,0.104
EGY,EGY,2009,0.003
EGY,EGY,2010,-0.055
EGY,EGY,2011,-0.138
EGY,EGY,2012,-0.057
EGY,EGY,2013,-0.018
EGY,EGY,2014,-0.019
EGY,EGY,2015,-0.06
EGY,EGY,2016,-0.087
EGY,EGY,2017,0.008
EGY,EGY,2018,-0.056
EGY,EGY,2019,-0.108
EGY,EGY,2020,-0.104
EGY,EGY,2021,-0.121
EGY,EGY,2022,-0.114
EGY,EGY,2023,-0.074
EGY,EGY,2024,0.071
GBR,GBR,1995,1.348
GBR,GBR,1996,1.355
GBR,GBR,1997,1.308
GBR,GBR,1998,1.313
GBR,GBR,1999,1.323
GBR,GBR,2000,1.4
GBR,GBR,2001,1.421
GBR,GBR,2002,1.426
GBR,GBR,2003,1.394
GBR,GBR,2004,1.362
GBR,GBR,2005,1.303
GBR,GBR,2006,1.316
GBR,GBR,2007,1.312
GBR,GBR,2008,1.302
GBR,GBR,2009,1.309
GBR,GBR,2010,1.332
GBR,GBR,2011,1.382
GBR,GBR,2012,1.323
GBR,GBR,2013,1.322
GBR,GBR,2014,1.31
GBR,GBR,2015,1.345
GBR,GBR,2016,1.318
GBR,GBR,2017,1.278
GBR,GBR,2018,1.291
GBR,GBR,2019,1.309
GBR,GBR,2020,1.293
GBR,GBR,2021,1.378
GBR,GBR,2022,1.397
GBR,GBR,2023,1.379
GBR,GBR,2024,1.246
TZA,TZA,1995,-1.457
TZA,TZA,1996,-1.603
TZA,TZA,1997,-1.41
TZA,TZA,1998,-1.025
TZA,TZA,1999,-1.047
TZA,TZA,2000,-1.436
TZA,TZA,2001,-1.369
TZA,TZA,2002,-1.521
TZA,TZA,2003,-1.528
TZA,TZA,2004,-1.136
TZA,TZA,2005,-0.94
TZA,TZA,2006,-0.841
TZA,TZA,2007,-0.845
TZA,TZA,2008,-0.766
TZA,TZA,2009,-0.913
TZA,TZA,2010,-0.801
TZA,TZA,2011,-0.842
TZA,TZA,2012,-0.69
TZA,TZA,2013,-0.749
TZA,TZA,2014,-1.077
TZA,TZA,2015,-1.125
TZA,TZA,2016,-1.153
TZA,TZA,2017,-1.104
TZA,TZA,2018,-0.025
TZA,TZA,2019,-0.961
TZA,TZA,2020,-1.2
TZA,TZA,2021,-1.21
TZA,TZA,2022,-1.259
TZA,TZA,2023,-1.115
TZA,TZA,2024,-0.923
USA,USA,1995,1.238
USA,USA,1996,1.244
USA,USA,1997,1.25
USA,USA,1998,1.209
USA,USA,1999,1.246
USA,USA,2000,1.328
USA,USA,2001,1.313
USA,USA,2002,1.332
USA,USA,2003,1.316
USA,USA,2004,1.289
USA,USA,2005,1.219
USA,USA,2006,1.225
USA,USA,2007,1.261
USA,USA,2008,1.244
USA,USA,2009,1.288
USA,USA,2010,1.316
USA,USA,2011,1.363
USA,USA,2012,1.296
USA,USA,2013,1.295
USA,USA,2014,1.305
USA,USA,2015,1.344
USA,USA,2016,1.325
USA,USA,2017,1.267
USA,USA,2018,1.28
USA,USA,2019,1.294
USA,USA,2020,1.323
USA,USA,2021,1.274
USA,USA,2022,1.304
USA,USA,2023,1.232
USA,USA,2024,1.122
BFA,BFA,1995,-1.104
BFA,BFA,1996,-1.007
BFA,BFA,1997,-0.585
BFA,BFA,1998,-0.748
BFA,BFA,1999,-0.619
BFA,BFA,2000,-0.268
BFA,BFA,2001,-0.278
BFA,BFA,2002,-0.765
BFA,BFA,2003,-0.998
BFA,BFA,2004,-1.101
BFA,BFA,2005,-1.131
BFA,BFA,2006,-1.288
BFA,BFA,2007,-0.981
BFA,BFA,2008,-1.305
BFA,BFA,2009,-1.336
BFA,BFA,2010,-0.798
BFA,BFA,2011,-1.538
BFA,BFA,2012,-1.124
BFA,BFA,2013,-1.214
BFA,BFA,2014,-1.203
BFA,BFA,2015,-1.329
BFA,BFA,2016,-1.538
BFA,BFA,2017,-1.463
BFA,BFA,2018,-1.127
BFA,BFA,2019,-1.01
BFA,BFA,2020,-1.054
BFA,BFA,2021,-1.212
BFA,BFA,2022,-0.975
BFA,BFA,2023,-1.132
BFA,BFA,2024,-0.708
URY,URY,1995,0.406
URY,URY,1996,0.142
URY,URY,1997,0.206
URY,URY,1998,0.252
URY,URY,1999,0.277
URY,URY,2000,0.262
URY,URY,2001,0.314
URY,URY,2002,0.254
URY,URY,2003,0.22
URY,URY,2004,0.154
URY,URY,2005,0.397
URY,URY,2006,0.233
URY,URY,2007,0.164
URY,URY,2008,0.276
URY,URY,2009,0.264
URY,URY,2010,0.206
URY,URY,2011,0.198
URY,URY,2012,0.169
URY,URY,2013,0.179
URY,URY,2014,0.237
URY,URY,2015,0.291
URY,URY,2016,0.217
URY,URY,2017,0.186
URY,URY,2018,-0.026
URY,URY,2019,-0.086
URY,URY,2020,-0.164
URY,URY,2021,-0.049
URY,URY,2022,-0.049
URY,URY,2023,0.021
URY,URY,2024,0.122
UZB,UZB,1995,-0.297
UZB,UZB,1996,-0.012
UZB,UZB,1997,-0.205
UZB,UZB,1998,-0.082
UZB,UZB,1999,0.021
UZB,UZB,2000,-0.326
UZB,UZB,2001,-0.384
UZB,UZB,2002,-0.403
UZB,UZB,2003,-0.489
UZB,UZB,2004,-0.552
UZB,UZB,2005,-0.504
UZB,UZB,2006,-0.574
UZB,UZB,2007,-0.674
UZB,UZB,2008,-0.642
UZB,UZB,2009,-0.965
UZB,UZB,2010,-0.843
UZB,UZB,2011,-0.972
UZB,UZB,2012,-0.729
UZB,UZB,2013,-0.875
UZB,UZB,2014,-0.57
UZB,UZB,2015,-0.714
UZB,UZB,2016,-0.639
UZB,UZB,2017,-0.402
UZB,UZB,2018,-0.504
UZB,UZB,2019,-0.53
UZB,UZB,2020,-0.269
UZB,UZB,2021,-0.173
UZB,UZB,2022,0.019
UZB,UZB,2023,0.205
UZB,UZB,2024,0.22
VEN,VEN,1995,0.55
VEN,VEN,1996,0.423
VEN,VEN,1997,0.441
VEN,VEN,1998,0.542
VEN,VEN,1999,0.41
VEN,VEN,2000,0.457
VEN,VEN,2001,0.489
VEN,VEN,2002,0.477
VEN,VEN,2003,0.555
VEN,VEN,2004,0.445
VEN,VEN,2005,0.543
VEN,VEN,2006,0.257
VEN,VEN,2007,0.082
VEN,VEN,2008,0.231
VEN,VEN,2009,0.184
VEN,VEN,2010,0.216
VEN,VEN,2011,-0.014
VEN,VEN,2012,-0.728
VEN,VEN,2013,-0.489
VEN,VEN,2014,-0.709
VEN,VEN,2015,-0.78
VEN,VEN,2016,-0.729
VEN,VEN,2017,-0.756
VEN,VEN,2018,-0.909
VEN,VEN,2019,-1.021
VEN,VEN,2020,-0.928
VEN,VEN,2021,-1.156
VEN,VEN,2022,-1.141
VEN,VEN,2023,-1.331
VEN,VEN,2024,-1.601
YEM,YEM,1995,-0.652
YEM,YEM,1996,-0.886
YEM,YEM,1997,-0.92
YEM,YEM,1998,-0.755
YEM,YEM,1999,-0.84
YEM,YEM,2000,-1.055
YEM,YEM,2001,-1.354
YEM,YEM,2002,-1.326
YEM,YEM,2003,-0.974
YEM,YEM,2004,-1.493
YEM,YEM,2005,-1.381
YEM,YEM,2006,-1.308
YEM,YEM,2007,-1.265
YEM,YEM,2008,-1.437
YEM,YEM,2009,-1.229
YEM,YEM,2010,-1.379
YEM,YEM,2011,-1.499
YEM,YEM,2012,-1.229
YEM,YEM,2013,-1.621
YEM,YEM,2014,-1.247
YEM,YEM,2015,-1.489
YEM,YEM,2016,-2.003
YEM,YEM,2017,-2.155
YEM,YEM,2018,-2.102
YEM,YEM,2019,-2.142
YEM,YEM,2020,-1.923
YEM,YEM,2021,-1.931
YEM,YEM,2022,-1.783
YEM,YEM,2023,-1.517
YEM,YEM,2024,-1.682
ZMB,ZMB,1995,-0.264
ZMB,ZMB,1996,-0.368
ZMB,ZMB,1997,-0.773
ZMB,ZMB,1998,-0.613
ZMB,ZMB,1999,-0.576
ZMB,ZMB,2000,-0.78
ZMB,ZMB,2001,-0.753
ZMB,ZMB,2002,-0.6
ZMB,ZMB,2003,-0.694
ZMB,ZMB,2004,-0.963
ZMB,ZMB,2005,-0.959
ZMB,ZMB,2006,-0.795
ZMB,ZMB,2007,-0.695
ZMB,ZMB,2008,-0.509
ZMB,ZMB,2009,-0.532
ZMB,ZMB,2010,-0.6
ZMB,ZMB,2011,-0.749
ZMB,ZMB,2012,-0.507
ZMB,ZMB,2013,-0.389
ZMB,ZMB,2014,-0.458
ZMB,ZMB,2015,-0.54
ZMB,ZMB,2016,-0.488
ZMB,ZMB,2017,-0.755
ZMB,ZMB,2018,-0.539
ZMB,ZMB,2019,-0.671
ZMB,ZMB,2020,-0.688
ZMB,ZMB,2021,-0.617
ZMB,ZMB,2022,-0.687
ZMB,ZMB,2023,-0.706
ZMB,ZMB,2024,-0.67
