iso3,country,year,EduIdx,LifeExpIdx
AFG,Afghanistan,1996,0.1677,0.5051
AFG,Afghanistan,2004,0.2601,0.5817
AFG,Afghanistan,2012,0.3385,0.6421
AFG,Afghanistan,2018,0.378,0.653
AFG,Afghanistan,2024,0.3836,0.7082
ALB,Albania,1996,0.5364,0.8325
ALB,Albania,2004,0.6186,0.8608
ALB,Albania,2012,0.7562,0.8936
ALB,Albania,2018,0.7471,0.9114
ALB,Albania,2024,0.7422,0.917
DZA,Algeria,1996,0.4475,0.7418
DZA,Algeria,2004,0.5434,0.8082
DZA,Algeria,2012,0.5964,0.8401
DZA,Algeria,2018,0.6479,0.8547
DZA,Algeria,2024,0.6776,0.8656
AND,Andorra,1996,,0.9386
AND,Andorra,2004,0.6472,0.9664
AND,Andorra,2012,0.7068,0.9898
AND,Andorra,2018,0.695,0.9883
AND,Andorra,2024,0.791,0.9852
AGO,Angola,1996,,0.4064
AGO,Angola,2004,0.3009,0.4788
AGO,Angola,2012,0.4217,0.5987
AGO,Angola,2018,0.5255,0.6557
AGO,Angola,2024,0.5365,0.6864
ATG,Antigua and Barbuda,1996,,0.8283
ATG,Antigua and Barbuda,2004,,0.8512
ATG,Antigua and Barbuda,2012,0.7944,0.8785
ATG,Antigua and Barbuda,2018,0.8231,0.879
ATG,Antigua and Barbuda,2024,0.8189,0.8861
ARG,Argentina,1996,0.6642,0.8162
ARG,Argentina,2004,0.7864,0.8442
ARG,Argentina,2012,0.8384,0.8585
ARG,Argentina,2018,0.8661,0.8734
ARG,Argentina,2024,0.8728,0.883
ARM,Armenia,1996,0.6145,0.7569
ARM,Armenia,2004,0.6519,0.7989
ARM,Armenia,2012,0.7332,0.8222
ARM,Armenia,2018,0.7585,0.8458
ARM,Armenia,2024,0.7777,0.8567
AUS,Australia,1996,0.8775,0.8976
AUS,Australia,2004,0.8837,0.9344
AUS,Australia,2012,0.91,0.9584
AUS,Australia,2018,0.9153,0.9732
AUS,Australia,2024,0.929,0.9834
AUT,Austria,1996,0.7739,0.8773
AUT,Austria,2004,0.8138,0.9133
AUT,Austria,2012,0.8446,0.936
AUT,Austria,2018,0.8521,0.949
AUT,Austria,2024,0.8644,0.9532
AZE,Azerbaijan,1996,0.6552,0.6563
AZE,Azerbaijan,2004,0.6709,0.7306
AZE,Azerbaijan,2012,0.6853,0.7858
AZE,Azerbaijan,2018,0.7247,0.8156
AZE,Azerbaijan,2024,0.7276,0.8374
BHS,Bahamas,1996,0.6708,0.7918
BHS,Bahamas,2004,0.6993,0.819
BHS,Bahamas,2012,0.7252,0.8263
BHS,Bahamas,2018,0.7461,0.8317
BHS,Bahamas,2024,0.7575,0.8393
BHR,Bahrain,1996,0.5346,0.8248
BHR,Bahrain,2004,0.6236,0.8583
BHR,Bahrain,2012,0.6722,0.9173
BHR,Bahrain,2018,0.7963,0.9294
BHR,Bahrain,2024,0.8134,0.9428
BGD,Bangladesh,1996,0.3181,0.5991
BGD,Bangladesh,2004,0.3874,0.691
BGD,Bangladesh,2012,0.4544,0.7537
BGD,Bangladesh,2018,0.5296,0.8019
BGD,Bangladesh,2024,0.5683,0.8411
BRB,Barbados,1996,0.6831,0.8318
BRB,Barbados,2004,0.7272,0.8485
BRB,Barbados,2012,0.7604,0.8575
BRB,Barbados,2018,0.7809,0.8674
BRB,Barbados,2024,0.7928,0.8643
BLR,Belarus,1996,0.6782,0.7472
BLR,Belarus,2004,0.7676,0.749
BLR,Belarus,2012,0.8207,0.7969
BLR,Belarus,2018,0.809,0.8359
BLR,Belarus,2024,0.7923,0.8374
BEL,Belgium,1996,0.8309,0.8798
BEL,Belgium,2004,0.8643,0.9071
BEL,Belgium,2012,0.8833,0.9271
BEL,Belgium,2018,0.9103,0.9459
BEL,Belgium,2024,0.923,0.9556
BLZ,Belize,1996,0.526,0.7594
BLZ,Belize,2004,0.6267,0.7716
BLZ,Belize,2012,0.6882,0.7867
BLZ,Belize,2018,0.6654,0.805
BLZ,Belize,2024,0.625,0.8241
BEN,Benin,1996,0.224,0.5484
BEN,Benin,2004,0.3155,0.5746
BEN,Benin,2012,0.4082,0.5932
BEN,Benin,2018,0.4068,0.6109
BEN,Benin,2024,0.3967,0.6273
BTN,Bhutan,1996,,0.6151
BTN,Bhutan,2004,,0.6968
BTN,Bhutan,2012,0.4226,0.7655
BTN,Bhutan,2018,0.5107,0.7956
BTN,Bhutan,2024,0.5599,0.815
BOL,Bolivia (Plurinational State of),1996,0.5758,0.6198
BOL,Bolivia (Plurinational State of),2004,0.65,0.6741
BOL,Bolivia (Plurinational State of),2012,0.6871,0.7167
BOL,Bolivia (Plurinational State of),2018,0.7432,0.7338
BOL,Bolivia (Plurinational State of),2024,0.7677,0.7474
BIH,Bosnia and Herzegovina,1996,,0.8224
BIH,Bosnia and Herzegovina,2004,0.5538,0.8691
BIH,Bosnia and Herzegovina,2012,0.6344,0.8775
BIH,Bosnia and Herzegovina,2018,0.7042,0.8914
BIH,Bosnia and Herzegovina,2024,0.7313,0.89
BWA,Botswana,1996,0.532,0.5274
BWA,Botswana,2004,0.5938,0.5165
BWA,Botswana,2012,0.6342,0.6213
BWA,Botswana,2018,0.6613,0.7134
BWA,Botswana,2024,0.6666,0.7564
BRA,Brazil,1996,0.5527,0.7401
BRA,Brazil,2004,0.6104,0.7902
BRA,Brazil,2012,0.6633,0.8359
BRA,Brazil,2018,0.6967,0.8559
BRA,Brazil,2024,0.7195,0.8592
BRN,Brunei Darussalam,1996,0.5908,0.8166
BRN,Brunei Darussalam,2004,0.6316,0.84
BRN,Brunei Darussalam,2012,0.7053,0.8437
BRN,Brunei Darussalam,2018,0.6919,0.846
BRN,Brunei Darussalam,2024,0.6899,0.8512
BGR,Bulgaria,1996,0.6329,0.7821
BGR,Bulgaria,2004,0.7276,0.8088
BGR,Bulgaria,2012,0.768,0.836
BGR,Bulgaria,2018,0.8105,0.8451
BGR,Bulgaria,2024,0.8073,0.8559
BFA,Burkina Faso,1996,,0.4568
BFA,Burkina Faso,2004,,0.5015
BFA,Burkina Faso,2012,0.2428,0.5763
BFA,Burkina Faso,2018,0.3126,0.615
BFA,Burkina Faso,2024,0.3181,0.6322
BDI,Burundi,1996,0.1853,0.3816
BDI,Burundi,2004,0.2402,0.4956
BDI,Burundi,2012,0.3744,0.5923
BDI,Burundi,2018,0.3831,0.6432
BDI,Burundi,2024,0.3888,0.6716
CPV,Cabo Verde,1996,,0.7003
CPV,Cabo Verde,2004,0.4905,0.7769
CPV,Cabo Verde,2012,0.5362,0.8202
CPV,Cabo Verde,2018,0.5291,0.8437
CPV,Cabo Verde,2024,0.5188,0.8624
KHM,Cambodia,1996,0.314,0.5666
KHM,Cambodia,2004,0.4221,0.6655
KHM,Cambodia,2012,0.4327,0.7442
KHM,Cambodia,2018,0.4603,0.7691
KHM,Cambodia,2024,0.4843,0.7795
CMR,Cameroon,1996,0.2976,0.5108
CMR,Cameroon,2004,0.3488,0.532
CMR,Cameroon,2012,0.4982,0.5872
CMR,Cameroon,2018,0.5349,0.6337
CMR,Cameroon,2024,0.5189,0.6723
CAN,Canada,1996,0.8606,0.8965
CAN,Canada,2004,0.8641,0.9235
CAN,Canada,2012,0.89,0.9493
CAN,Canada,2018,0.9021,0.9527
CAN,Canada,2024,0.9037,0.9635
CAF,Central African Republic,1996,0.2011,0.4262
CAF,Central African Republic,2004,0.2438,0.4261
CAF,Central African Republic,2012,0.2878,0.4821
CAF,Central African Republic,2018,0.3245,0.4969
CAF,Central African Republic,2024,0.3395,0.5755
TCD,Chad,1996,,0.4239
TCD,Chad,2004,0.2078,0.4413
TCD,Chad,2012,0.2741,0.4733
TCD,Chad,2018,0.2915,0.4992
TCD,Chad,2024,0.3097,0.5395
CHL,Chile,1996,0.6359,0.8547
CHL,Chile,2004,0.7141,0.8966
CHL,Chile,2012,0.754,0.9111
CHL,Chile,2018,0.82,0.9317
CHL,Chile,2024,0.8462,0.941
CHN,China,1996,0.4269,0.7819
CHN,China,2004,0.5276,0.8266
CHN,China,2012,0.6106,0.8646
CHN,China,2018,0.6691,0.8878
CHN,China,2024,0.6978,0.8916
COL,Colombia,1996,0.5294,0.7724
COL,Colombia,2004,0.5872,0.8117
COL,Colombia,2012,0.6482,0.8556
COL,Colombia,2018,0.6897,0.8704
COL,Colombia,2024,0.6979,0.8881
COM,Comoros,1996,,0.5869
COM,Comoros,2004,0.3692,0.624
COM,Comoros,2012,0.4664,0.6687
COM,Comoros,2018,0.5298,0.6985
COM,Comoros,2024,0.5695,0.7196
COG,Congo,1996,0.5045,0.5422
COG,Congo,2004,0.4929,0.584
COG,Congo,2012,0.5514,0.6563
COG,Congo,2018,0.6044,0.6842
COG,Congo,2024,0.6297,0.7042
COD,Congo (Democratic Republic of the),1996,0.3401,0.4519
COD,Congo (Democratic Republic of the),2004,0.3805,0.5159
COD,Congo (Democratic Republic of the),2012,0.4421,0.5746
COD,Congo (Democratic Republic of the),2018,0.5186,0.6142
COD,Congo (Democratic Republic of the),2024,0.549,0.6445
CRI,Costa Rica,1996,0.5455,0.8681
CRI,Costa Rica,2004,0.6004,0.9002
CRI,Costa Rica,2012,0.6729,0.9219
CRI,Costa Rica,2018,0.7137,0.9245
CRI,Costa Rica,2024,0.749,0.9354
HRV,Croatia,1996,0.5908,0.815
HRV,Croatia,2004,0.7349,0.8502
HRV,Croatia,2012,0.7919,0.8813
HRV,Croatia,2018,0.8359,0.8902
HRV,Croatia,2024,0.8573,0.9012
CUB,Cuba,1996,0.6533,0.8414
CUB,Cuba,2004,0.7475,0.8819
CUB,Cuba,2012,0.7893,0.8948
CUB,Cuba,2018,0.7539,0.8835
CUB,Cuba,2024,0.7399,0.8936
CYP,Cyprus,1996,0.6331,0.8751
CYP,Cyprus,2004,0.726,0.9078
CYP,Cyprus,2012,0.7813,0.9404
CYP,Cyprus,2018,0.8453,0.947
CYP,Cyprus,2024,0.869,0.9484
CZE,Czechia,1996,0.7119,0.8282
CZE,Czechia,2004,0.808,0.8606
CZE,Czechia,2012,0.8716,0.8923
CZE,Czechia,2018,0.8756,0.9071
CZE,Czechia,2024,0.8986,0.9205
CIV,Côte d'Ivoire,1996,0.2521,0.4861
CIV,Côte d'Ivoire,2004,0.3117,0.4914
CIV,Côte d'Ivoire,2012,0.3689,0.5626
CIV,Côte d'Ivoire,2018,0.429,0.6122
CIV,Côte d'Ivoire,2024,0.4793,0.6453
DNK,Denmark,1996,0.8219,0.8564
DNK,Denmark,2004,0.8895,0.889
DNK,Denmark,2012,0.9233,0.9243
DNK,Denmark,2018,0.9287,0.9383
DNK,Denmark,2024,0.9342,0.9528
DJI,Djibouti,1996,0.123,0.5589
DJI,Djibouti,2004,0.1756,0.5862
DJI,Djibouti,2012,0.2358,0.6418
DJI,Djibouti,2018,0.2885,0.6785
DJI,Djibouti,2024,0.3041,0.7075
DMA,Dominica,1996,,0.7852
DMA,Dominica,2004,0.6768,0.7998
DMA,Dominica,2012,0.695,0.7906
DMA,Dominica,2018,0.7187,0.7904
DMA,Dominica,2024,0.7306,0.7866
DOM,Dominican Republic,1996,0.4887,0.763
DOM,Dominican Republic,2004,0.5584,0.7805
DOM,Dominican Republic,2012,0.6269,0.8126
DOM,Dominican Republic,2018,0.7022,0.8239
DOM,Dominican Republic,2024,0.6931,0.8265
ECU,Ecuador,1996,0.5709,0.7972
ECU,Ecuador,2004,0.6216,0.8287
ECU,Ecuador,2012,0.6754,0.8536
ECU,Ecuador,2018,0.6887,0.8807
ECU,Ecuador,2024,0.7115,0.883
EGY,Egypt,1996,0.493,0.7036
EGY,Egypt,2004,0.5129,0.7417
EGY,Egypt,2012,0.5834,0.761
EGY,Egypt,2018,0.6557,0.7842
EGY,Egypt,2024,0.7025,0.7944
SLV,El Salvador,1996,0.4251,0.6997
SLV,El Salvador,2004,0.5205,0.7584
SLV,El Salvador,2012,0.554,0.7911
SLV,El Salvador,2018,0.5512,0.7905
SLV,El Salvador,2024,0.552,0.8015
GNQ,Equatorial Guinea,1996,,0.4942
GNQ,Equatorial Guinea,2004,0.4287,0.5432
GNQ,Equatorial Guinea,2012,0.5233,0.6046
GNQ,Equatorial Guinea,2018,0.5938,0.6448
GNQ,Equatorial Guinea,2024,0.623,0.6724
ERI,Eritrea,1996,,0.5461
ERI,Eritrea,2004,,0.6164
ERI,Eritrea,2012,0.361,0.6876
ERI,Eritrea,2018,0.3616,0.7228
ERI,Eritrea,2024,0.3735,0.7481
EST,Estonia,1996,0.7368,0.7697
EST,Estonia,2004,0.8802,0.8058
EST,Estonia,2012,0.9096,0.8679
EST,Estonia,2018,0.8929,0.8974
EST,Estonia,2024,0.8956,0.91
SWZ,Eswatini (Kingdom of),1996,0.4702,0.5122
SWZ,Eswatini (Kingdom of),2004,0.4363,0.3678
SWZ,Eswatini (Kingdom of),2012,0.5665,0.4725
SWZ,Eswatini (Kingdom of),2018,0.6607,0.5955
SWZ,Eswatini (Kingdom of),2024,0.713,0.6788
ETH,Ethiopia,1996,,0.4415
ETH,Ethiopia,2004,0.2124,0.519
ETH,Ethiopia,2012,0.3037,0.6376
ETH,Ethiopia,2018,0.3248,0.6963
ETH,Ethiopia,2024,0.3361,0.7279
FJI,Fiji,1996,0.5871,0.7108
FJI,Fiji,2004,0.6376,0.7052
FJI,Fiji,2012,0.6941,0.7048
FJI,Fiji,2018,0.7296,0.7225
FJI,Fiji,2024,0.7304,0.7279
FIN,Finland,1996,0.8113,0.8749
FIN,Finland,2004,0.8799,0.9053
FIN,Finland,2012,0.8915,0.9309
FIN,Finland,2018,0.9268,0.9481
FIN,Finland,2024,0.9327,0.9525
FRA,France,1996,0.7307,0.8932
FRA,France,2004,0.754,0.9282
FRA,France,2012,0.7949,0.9498
FRA,France,2018,0.8238,0.9626
FRA,France,2024,0.8393,0.9742
GAB,Gabon,1996,0.4948,0.6348
GAB,Gabon,2004,0.5501,0.6568
GAB,Gabon,2012,0.6059,0.699
GAB,Gabon,2018,0.6535,0.7237
GAB,Gabon,2024,0.6696,0.7436
GMB,Gambia,1996,0.2061,0.5361
GMB,Gambia,2004,0.271,0.5961
GMB,Gambia,2012,0.3294,0.6446
GMB,Gambia,2018,0.3772,0.6774
GMB,Gambia,2024,0.4052,0.7055
GEO,Georgia,1996,,0.779
GEO,Georgia,2004,0.7764,0.7848
GEO,Georgia,2012,0.8222,0.8103
GEO,Georgia,2018,0.8728,0.8305
GEO,Georgia,2024,0.8887,0.8384
DEU,Germany,1996,0.8279,0.8736
DEU,Germany,2004,0.9169,0.9095
DEU,Germany,2012,0.9389,0.9308
DEU,Germany,2018,0.9427,0.9365
DEU,Germany,2024,0.9574,0.9443
GHA,Ghana,1996,0.3417,0.5686
GHA,Ghana,2004,0.3906,0.6049
GHA,Ghana,2012,0.4978,0.6461
GHA,Ghana,2018,0.515,0.679
GHA,Ghana,2024,0.5541,0.7
GRC,Greece,1996,0.6614,0.8929
GRC,Greece,2004,0.7534,0.9131
GRC,Greece,2012,0.8259,0.9296
GRC,Greece,2018,0.861,0.9461
GRC,Greece,2024,0.8851,0.9516
GRD,Grenada,1996,,0.8057
GRD,Grenada,2004,0.7336,0.8069
GRD,Grenada,2012,0.7625,0.8456
GRD,Grenada,2018,0.773,0.8455
GRD,Grenada,2024,0.7754,0.8493
GTM,Guatemala,1996,0.3274,0.6852
GTM,Guatemala,2004,0.3881,0.7422
GTM,Guatemala,2012,0.4614,0.7803
GTM,Guatemala,2018,0.4842,0.7922
GTM,Guatemala,2024,0.4915,0.8093
GIN,Guinea,1996,0.1535,0.4699
GIN,Guinea,2004,0.2339,0.5227
GIN,Guinea,2012,0.2978,0.571
GIN,Guinea,2018,0.3439,0.6007
GIN,Guinea,2024,0.3716,0.6268
GNB,Guinea-Bissau,1996,,0.4426
GNB,Guinea-Bissau,2004,,0.5046
GNB,Guinea-Bissau,2012,0.3755,0.5888
GNB,Guinea-Bissau,2018,0.4079,0.6408
GNB,Guinea-Bissau,2024,0.4179,0.6782
GUY,Guyana,1996,0.453,0.6568
GUY,Guyana,2004,0.5142,0.6802
GUY,Guyana,2012,0.589,0.7145
GUY,Guyana,2018,0.6359,0.7512
GUY,Guyana,2024,0.6518,0.772
HTI,Haiti,1996,0.3767,0.5556
HTI,Haiti,2004,0.4194,0.5926
HTI,Haiti,2012,0.4592,0.6504
HTI,Haiti,2018,0.4857,0.6781
HTI,Haiti,2024,0.4821,0.6913
HND,Honduras,1996,0.3858,0.7271
HND,Honduras,2004,0.4299,0.7546
HND,Honduras,2012,0.4595,0.7763
HND,Honduras,2018,0.4839,0.8
HND,Honduras,2024,0.5326,0.8136
HKG,"Hong Kong, China (SAR)",1996,0.6361,0.9147
HKG,"Hong Kong, China (SAR)",2004,0.7388,0.9455
HKG,"Hong Kong, China (SAR)",2012,0.8391,0.9756
HKG,"Hong Kong, China (SAR)",2018,0.8735,0.9998
HKG,"Hong Kong, China (SAR)",2024,0.881,1.0
HUN,Hungary,1996,0.6886,0.7784
HUN,Hungary,2004,0.7778,0.8139
HUN,Hungary,2012,0.825,0.849
HUN,Hungary,2018,0.8237,0.8647
HUN,Hungary,2024,0.8408,0.8773
ISL,Iceland,1996,0.8164,0.9022
ISL,Iceland,2004,0.9088,0.9342
ISL,Iceland,2012,0.9367,0.9592
ISL,Iceland,2018,0.9547,0.9608
ISL,Iceland,2024,0.9636,0.9645
IND,India,1996,0.3452,0.6312
IND,India,2004,0.4194,0.6844
IND,India,2012,0.5067,0.7396
IND,India,2018,0.5362,0.7756
IND,India,2024,0.5892,0.8
IDN,Indonesia,1996,0.4511,0.6995
IDN,Indonesia,2004,0.5494,0.7003
IDN,Indonesia,2012,0.6229,0.7517
IDN,Indonesia,2018,0.655,0.7705
IDN,Indonesia,2024,0.6603,0.7869
IRN,Iran (Islamic Republic of),1996,0.5644,0.7435
IRN,Iran (Islamic Republic of),2004,0.646,0.8006
IRN,Iran (Islamic Republic of),2012,0.7567,0.8468
IRN,Iran (Islamic Republic of),2018,0.7488,0.8711
IRN,Iran (Islamic Republic of),2024,0.7496,0.887
IRQ,Iraq,1996,0.3977,0.6864
IRQ,Iraq,2004,0.4595,0.6867
IRQ,Iraq,2012,0.5274,0.7512
IRQ,Iraq,2018,0.555,0.7864
IRQ,Iraq,2024,0.5693,0.805
IRL,Ireland,1996,0.7186,0.8589
IRL,Ireland,2004,0.8583,0.9
IRL,Ireland,2012,0.8691,0.9362
IRL,Ireland,2018,0.8834,0.9557
IRL,Ireland,2024,0.8908,0.9602
ISR,Israel,1996,0.7105,0.9011
ISR,Israel,2004,0.7665,0.9278
ISR,Israel,2012,0.8415,0.9536
ISR,Israel,2018,0.8542,0.968
ISR,Israel,2024,0.866,0.9601
ITA,Italy,1996,0.6831,0.899
ITA,Italy,2004,0.7516,0.9387
ITA,Italy,2012,0.7832,0.9577
ITA,Italy,2018,0.8047,0.9721
ITA,Italy,2024,0.8252,0.9802
JAM,Jamaica,1996,0.5378,0.7897
JAM,Jamaica,2004,0.5845,0.793
JAM,Jamaica,2012,0.6507,0.8062
JAM,Jamaica,2018,0.664,0.7939
JAM,Jamaica,2024,0.676,0.792
JPN,Japan,1996,0.8066,0.9287
JPN,Japan,2004,0.8286,0.9558
JPN,Japan,2012,0.8454,0.9718
JPN,Japan,2018,0.8492,0.9891
JPN,Japan,2024,0.8537,0.9956
JOR,Jordan,1996,0.5541,0.7862
JOR,Jordan,2004,0.6286,0.8121
JOR,Jordan,2012,0.6888,0.8321
JOR,Jordan,2018,0.7029,0.8691
JOR,Jordan,2024,0.7055,0.8894
KAZ,Kazakhstan,1996,0.6203,0.6685
KAZ,Kazakhstan,2004,0.7438,0.6929
KAZ,Kazakhstan,2012,0.7942,0.7683
KAZ,Kazakhstan,2018,0.8056,0.8211
KAZ,Kazakhstan,2024,0.8074,0.837
KEN,Kenya,1996,0.3922,0.5473
KEN,Kenya,2004,0.4568,0.5838
KEN,Kenya,2012,0.5088,0.639
KEN,Kenya,2018,0.5697,0.6588
KEN,Kenya,2024,0.6062,0.6715
KIR,Kiribati,1996,,0.6688
KIR,Kiribati,2004,,0.6987
KIR,Kiribati,2012,0.5909,0.7063
KIR,Kiribati,2018,0.6281,0.7047
KIR,Kiribati,2024,0.6341,0.715
PRK,Korea (Democratic People's Rep. of),1996,,0.628
PRK,Korea (Democratic People's Rep. of),2004,,0.7584
PRK,Korea (Democratic People's Rep. of),2012,,0.7895
PRK,Korea (Democratic People's Rep. of),2018,,0.8157
PRK,Korea (Democratic People's Rep. of),2024,,0.8253
KOR,Korea (Republic of),1996,0.745,0.8311
KOR,Korea (Republic of),2004,0.8196,0.8916
KOR,Korea (Republic of),2012,0.8599,0.9432
KOR,Korea (Republic of),2018,0.869,0.9745
KOR,Korea (Republic of),2024,0.8857,0.9897
KWT,Kuwait,1996,0.5321,0.8554
KWT,Kuwait,2004,0.5853,0.8675
KWT,Kuwait,2012,0.624,0.8958
KWT,Kuwait,2018,0.6649,0.9215
KWT,Kuwait,2024,0.694,0.9293
KGZ,Kyrgyzstan,1996,0.6155,0.6684
KGZ,Kyrgyzstan,2004,0.6853,0.7023
KGZ,Kyrgyzstan,2012,0.7177,0.7406
KGZ,Kyrgyzstan,2018,0.7376,0.7795
KGZ,Kyrgyzstan,2024,0.7554,0.795
LAO,Lao People's Democratic Republic,1996,0.334,0.5665
LAO,Lao People's Democratic Republic,2004,0.3979,0.6166
LAO,Lao People's Democratic Republic,2012,0.465,0.6942
LAO,Lao People's Democratic Republic,2018,0.4874,0.7322
LAO,Lao People's Democratic Republic,2024,0.4688,0.7533
LVA,Latvia,1996,0.6874,0.7475
LVA,Latvia,2004,0.8518,0.7837
LVA,Latvia,2012,0.8574,0.8298
LVA,Latvia,2018,0.8994,0.8458
LVA,Latvia,2024,0.9048,0.8645
LBN,Lebanon,1996,,0.8094
LBN,Lebanon,2004,,0.8568
LBN,Lebanon,2012,0.6358,0.8914
LBN,Lebanon,2018,0.6738,0.8964
LBN,Lebanon,2024,0.6702,0.8895
LSO,Lesotho,1996,0.4038,0.5406
LSO,Lesotho,2004,0.49,0.3698
LSO,Lesotho,2012,0.5336,0.4344
LSO,Lesotho,2018,0.5518,0.5329
LSO,Lesotho,2024,0.5628,0.575
LBR,Liberia,1996,,0.3838
LBR,Liberia,2004,0.4078,0.5531
LBR,Liberia,2012,0.4212,0.6121
LBR,Liberia,2018,0.463,0.6308
LBR,Liberia,2024,0.4964,0.6487
LBY,Libya,1996,0.5969,0.7806
LBY,Libya,2004,0.6435,0.7878
LBY,Libya,2012,0.6593,0.8029
LBY,Libya,2018,0.6321,0.8177
LBY,Libya,2024,0.6183,0.7591
LIE,Liechtenstein,1996,,0.8872
LIE,Liechtenstein,2004,0.7896,0.9344
LIE,Liechtenstein,2012,0.8106,0.9578
LIE,Liechtenstein,2018,0.8207,0.9734
LIE,Liechtenstein,2024,0.8418,0.9789
LTU,Lithuania,1996,0.6733,0.7722
LTU,Lithuania,2004,0.8448,0.8
LTU,Lithuania,2012,0.8895,0.8302
LTU,Lithuania,2018,0.8965,0.8601
LTU,Lithuania,2024,0.9108,0.8619
LUX,Luxembourg,1996,0.6663,0.8641
LUX,Luxembourg,2004,0.7493,0.9024
LUX,Luxembourg,2012,0.8217,0.9298
LUX,Luxembourg,2018,0.8104,0.9464
LUX,Luxembourg,2024,0.8185,0.9574
MDG,Madagascar,1996,,0.5458
MDG,Madagascar,2004,0.3845,0.618
MDG,Madagascar,2012,0.4401,0.6616
MDG,Madagascar,2018,0.4435,0.6691
MDG,Madagascar,2024,0.4048,0.6713
MWI,Malawi,1996,0.3779,0.3693
MWI,Malawi,2004,0.4115,0.478
MWI,Malawi,2012,0.4583,0.6134
MWI,Malawi,2018,0.4579,0.6841
MWI,Malawi,2024,0.4499,0.7285
MYS,Malaysia,1996,0.5548,0.8018
MYS,Malaysia,2004,0.6116,0.8312
MYS,Malaysia,2012,0.6882,0.8546
MYS,Malaysia,2018,0.7171,0.8574
MYS,Malaysia,2024,0.7218,0.8716
MDV,Maldives,1996,,0.7344
MDV,Maldives,2004,0.4504,0.8155
MDV,Maldives,2012,0.517,0.8848
MDV,Maldives,2018,0.5694,0.9144
MDV,Maldives,2024,0.6017,0.9391
MLI,Mali,1996,0.1205,0.4385
MLI,Mali,2004,0.1994,0.5116
MLI,Mali,2012,0.2673,0.5646
MLI,Mali,2018,0.2593,0.598
MLI,Mali,2024,0.2491,0.6221
MLT,Malta,1996,0.6077,0.8665
MLT,Malta,2004,0.7255,0.9102
MLT,Malta,2012,0.7841,0.9394
MLT,Malta,2018,0.8323,0.9678
MLT,Malta,2024,0.856,0.9738
MHL,Marshall Islands,1996,,0.6579
MHL,Marshall Islands,2004,,0.6776
MHL,Marshall Islands,2012,0.7419,0.6889
MHL,Marshall Islands,2018,0.8016,0.7057
MHL,Marshall Islands,2024,0.8431,0.7222
MRT,Mauritania,1996,0.2477,0.5987
MRT,Mauritania,2004,0.3028,0.6672
MRT,Mauritania,2012,0.3637,0.7047
MRT,Mauritania,2018,0.3877,0.7295
MRT,Mauritania,2024,0.3826,0.7459
MUS,Mauritius,1996,0.5031,0.7773
MUS,Mauritius,2004,0.5983,0.8084
MUS,Mauritius,2012,0.6971,0.8358
MUS,Mauritius,2018,0.7272,0.8383
MUS,Mauritius,2024,0.7302,0.845
MEX,Mexico,1996,0.5283,0.786
MEX,Mexico,2004,0.5948,0.822
MEX,Mexico,2012,0.6644,0.8327
MEX,Mexico,2018,0.7122,0.8354
MEX,Mexico,2024,0.7135,0.8472
FSM,Micronesia (Federated States of),1996,,0.6808
FSM,Micronesia (Federated States of),2004,0.5572,0.6907
FSM,Micronesia (Federated States of),2012,0.5599,0.6935
FSM,Micronesia (Federated States of),2018,0.5633,0.7068
FSM,Micronesia (Federated States of),2024,0.565,0.7261
MDA,Moldova (Republic of),1996,,0.7115
MDA,Moldova (Republic of),2004,,0.7387
MDA,Moldova (Republic of),2012,0.7775,0.7745
MDA,Moldova (Republic of),2018,0.7924,0.7729
MDA,Moldova (Republic of),2024,0.801,0.7877
MCO,Monaco,1996,,0.9405
MCO,Monaco,2004,,0.9869
MCO,Monaco,2012,,1.0
MCO,Monaco,2018,,1.0
MCO,Monaco,2024,,1.0
MNG,Mongolia,1996,0.5074,0.6308
MNG,Mongolia,2004,0.6423,0.6822
MNG,Mongolia,2012,0.7545,0.7325
MNG,Mongolia,2018,0.7715,0.7781
MNG,Mongolia,2024,0.6928,0.7959
MNE,Montenegro,1996,,0.8248
MNE,Montenegro,2004,0.7013,0.8366
MNE,Montenegro,2012,0.8081,0.8652
MNE,Montenegro,2018,0.838,0.8757
MNE,Montenegro,2024,0.8574,0.8783
MAR,Morocco,1996,0.2991,0.6958
MAR,Morocco,2004,0.3976,0.7426
MAR,Morocco,2012,0.4796,0.795
MAR,Morocco,2018,0.5663,0.8299
MAR,Morocco,2024,0.6253,0.851
MOZ,Mozambique,1996,0.178,0.4172
MOZ,Mozambique,2004,0.2844,0.4901
MOZ,Mozambique,2012,0.3644,0.5609
MOZ,Mozambique,2018,0.4021,0.6275
MOZ,Mozambique,2024,0.4544,0.6709
MMR,Myanmar,1996,0.3015,0.6026
MMR,Myanmar,2004,0.3363,0.6376
MMR,Myanmar,2012,0.4147,0.6808
MMR,Myanmar,2018,0.5152,0.7113
MMR,Myanmar,2024,0.5322,0.7214
NAM,Namibia,1996,0.5477,0.5637
NAM,Namibia,2004,0.5265,0.495
NAM,Namibia,2012,0.5423,0.5805
NAM,Namibia,2018,0.5633,0.6551
NAM,Namibia,2024,0.5698,0.729
NRU,Nauru,1996,,0.6165
NRU,Nauru,2004,0.5438,0.6053
NRU,Nauru,2012,0.5996,0.6236
NRU,Nauru,2018,0.6443,0.6344
NRU,Nauru,2024,0.6717,0.6478
NPL,Nepal,1996,0.3178,0.6161
NPL,Nepal,2004,0.3574,0.6884
NPL,Nepal,2012,0.4661,0.7287
NPL,Nepal,2018,0.4939,0.7544
NPL,Nepal,2024,0.5322,0.7747
NLD,Netherlands,1996,0.854,0.8855
NLD,Netherlands,2004,0.8457,0.9114
NLD,Netherlands,2012,0.899,0.9394
NLD,Netherlands,2018,0.9107,0.9505
NLD,Netherlands,2024,0.9223,0.9563
NZL,New Zealand,1996,0.8626,0.874
NZL,New Zealand,2004,0.9407,0.9132
NZL,New Zealand,2012,0.946,0.941
NZL,New Zealand,2018,0.9378,0.9521
NZL,New Zealand,2024,0.9294,0.9552
NIC,Nicaragua,1996,0.4549,0.6956
NIC,Nicaragua,2004,0.5397,0.7617
NIC,Nicaragua,2012,0.5889,0.8067
NIC,Nicaragua,2018,0.6298,0.8289
NIC,Nicaragua,2024,0.6508,0.8453
NER,Niger,1996,0.0983,0.4048
NER,Niger,2004,0.1361,0.4985
NER,Niger,2012,0.1969,0.5844
NER,Niger,2018,0.2379,0.6118
NER,Niger,2024,0.2779,0.6336
NGA,Nigeria,1996,0.3216,0.3974
NGA,Nigeria,2004,0.4231,0.4484
NGA,Nigeria,2012,0.4514,0.4875
NGA,Nigeria,2018,0.5067,0.5026
NGA,Nigeria,2024,0.5449,0.5302
MKD,North Macedonia,1996,0.5032,0.7978
MKD,North Macedonia,2004,0.59,0.8223
MKD,North Macedonia,2012,0.7083,0.8468
MKD,North Macedonia,2018,0.7695,0.8751
MKD,North Macedonia,2024,0.7516,0.883
NOR,Norway,1996,0.837,0.8959
NOR,Norway,2004,0.8954,0.9225
NOR,Norway,2012,0.9063,0.9453
NOR,Norway,2018,0.9325,0.9655
NOR,Norway,2024,0.9373,0.974
OMN,Oman,1996,,0.8004
OMN,Oman,2004,0.5357,0.8434
OMN,Oman,2012,0.693,0.8952
OMN,Oman,2018,0.7573,0.921
OMN,Oman,2024,0.7696,0.9236
PAK,Pakistan,1996,0.222,0.6226
PAK,Pakistan,2004,0.2876,0.663
PAK,Pakistan,2012,0.3332,0.6905
PAK,Pakistan,2018,0.3619,0.7151
PAK,Pakistan,2024,0.3632,0.7331
PLW,Palau,1996,,0.6685
PLW,Palau,2004,0.8014,0.7049
PLW,Palau,2012,0.8393,0.7517
PLW,Palau,2018,0.8687,0.7537
PLW,Palau,2024,0.8341,0.758
PSE,"Palestine, State of",1996,,0.769
PSE,"Palestine, State of",2004,0.6045,0.7861
PSE,"Palestine, State of",2012,0.6672,0.8265
PSE,"Palestine, State of",2018,0.6873,0.852
PSE,"Palestine, State of",2024,0.6987,0.6949
PAN,Panama,1996,0.5724,0.8031
PAN,Panama,2004,0.6403,0.8438
PAN,Panama,2012,0.6989,0.875
PAN,Panama,2018,0.7114,0.8964
PAN,Panama,2024,0.7309,0.9168
PNG,Papua New Guinea,1996,0.2546,0.6319
PNG,Papua New Guinea,2004,0.3122,0.643
PNG,Papua New Guinea,2012,0.3794,0.6714
PNG,Papua New Guinea,2018,0.4505,0.6941
PNG,Papua New Guinea,2024,0.4852,0.7098
PRY,Paraguay,1996,0.5107,0.7546
PRY,Paraguay,2004,0.5947,0.7854
PRY,Paraguay,2012,0.6271,0.817
PRY,Paraguay,2018,0.6592,0.825
PRY,Paraguay,2024,0.6862,0.8284
PER,Peru,1996,0.5987,0.7362
PER,Peru,2004,0.6362,0.7915
PER,Peru,2012,0.6916,0.8304
PER,Peru,2018,0.7308,0.8618
PER,Peru,2024,0.7526,0.8883
PHL,Philippines,1996,0.5608,0.7183
PHL,Philippines,2004,0.6137,0.7431
PHL,Philippines,2012,0.6358,0.7575
PHL,Philippines,2018,0.6425,0.7656
PHL,Philippines,2024,0.6887,0.7667
POL,Poland,1996,0.7295,0.8039
POL,Poland,2004,0.8113,0.8453
POL,Poland,2012,0.8622,0.8735
POL,Poland,2018,0.8785,0.8865
POL,Poland,2024,0.9036,0.902
PRT,Portugal,1996,0.6529,0.8535
PRT,Portugal,2004,0.6696,0.8989
PRT,Portugal,2012,0.7373,0.9316
PRT,Portugal,2018,0.7625,0.9476
PRT,Portugal,2024,0.8092,0.9594
QAT,Qatar,1996,0.5902,0.8394
QAT,Qatar,2004,0.6039,0.869
QAT,Qatar,2012,0.6509,0.9308
QAT,Qatar,2018,0.6961,0.9648
QAT,Qatar,2024,0.724,0.9595
ROU,Romania,1996,0.617,0.7511
ROU,Romania,2004,0.6982,0.7861
ROU,Romania,2012,0.7734,0.8356
ROU,Romania,2018,0.7726,0.8477
ROU,Romania,2024,0.7754,0.8606
RUS,Russian Federation,1996,0.6875,0.6992
RUS,Russian Federation,2004,0.8028,0.6946
RUS,Russian Federation,2012,0.819,0.771
RUS,Russian Federation,2018,0.8331,0.8144
RUS,Russian Federation,2024,0.7799,0.8178
RWA,Rwanda,1996,0.23,0.3459
RWA,Rwanda,2004,0.3455,0.5465
RWA,Rwanda,2012,0.462,0.6798
RWA,Rwanda,2018,0.4611,0.7131
RWA,Rwanda,2024,0.5124,0.7352
KNA,Saint Kitts and Nevis,1996,,0.7306
KNA,Saint Kitts and Nevis,2004,,0.7834
KNA,Saint Kitts and Nevis,2012,0.8063,0.7902
KNA,Saint Kitts and Nevis,2018,0.8616,0.7898
KNA,Saint Kitts and Nevis,2024,0.8616,0.8022
LCA,Saint Lucia,1996,0.5718,0.784
LCA,Saint Lucia,2004,0.607,0.807
LCA,Saint Lucia,2012,0.6407,0.8132
LCA,Saint Lucia,2018,0.6659,0.8101
LCA,Saint Lucia,2024,0.6408,0.8107
VCT,Saint Vincent and the Grenadines,1996,,0.7764
VCT,Saint Vincent and the Grenadines,2004,0.6763,0.7761
VCT,Saint Vincent and the Grenadines,2012,0.7478,0.7775
VCT,Saint Vincent and the Grenadines,2018,0.8022,0.7849
VCT,Saint Vincent and the Grenadines,2024,0.828,0.7882
WSM,Samoa,1996,0.6759,0.7656
WSM,Samoa,2004,0.6987,0.7924
WSM,Samoa,2012,0.7244,0.7871
WSM,Samoa,2018,0.7244,0.7854
WSM,Samoa,2024,0.7232,0.7954
SMR,San Marino,1996,,0.9128
SMR,San Marino,2004,0.7439,0.9476
SMR,San Marino,2012,0.7594,0.9837
SMR,San Marino,2018,0.7705,1.0
SMR,San Marino,2024,0.7842,1.0
STP,Sao Tome and Principe,1996,,0.6242
STP,Sao Tome and Principe,2004,,0.6548
STP,Sao Tome and Principe,2012,0.4739,0.6847
STP,Sao Tome and Principe,2018,0.5386,0.7323
STP,Sao Tome and Principe,2024,0.5567,0.7649
SAU,Saudi Arabia,1996,0.4981,0.789
SAU,Saudi Arabia,2004,0.6056,0.8312
SAU,Saudi Arabia,2012,0.6865,0.8629
SAU,Saudi Arabia,2018,0.7932,0.9038
SAU,Saudi Arabia,2024,0.8577,0.9036
SEN,Senegal,1996,0.1968,0.5712
SEN,Senegal,2004,0.2315,0.6201
SEN,Senegal,2012,0.3366,0.6958
SEN,Senegal,2018,0.3502,0.7289
SEN,Senegal,2024,0.3518,0.749
SRB,Serbia,1996,0.5923,0.8141
SRB,Serbia,2004,0.6537,0.8133
SRB,Serbia,2012,0.7504,0.8475
SRB,Serbia,2018,0.7903,0.8621
SRB,Serbia,2024,0.8059,0.8734
SYC,Seychelles,1996,,0.7815
SYC,Seychelles,2004,,0.7955
SYC,Seychelles,2012,0.7516,0.8076
SYC,Seychelles,2018,0.8717,0.8027
SYC,Seychelles,2024,0.8733,0.8133
SLE,Sierra Leone,1996,0.2289,0.362
SLE,Sierra Leone,2004,0.3009,0.4228
SLE,Sierra Leone,2012,0.3523,0.5101
SLE,Sierra Leone,2018,0.3647,0.6009
SLE,Sierra Leone,2024,0.3696,0.6429
SGP,Singapore,1996,0.7569,0.8623
SGP,Singapore,2004,0.808,0.9178
SGP,Singapore,2012,0.848,0.9571
SGP,Singapore,2018,0.8504,0.975
SGP,Singapore,2024,0.8647,0.9806
SVK,Slovakia,1996,0.6339,0.8114
SVK,Slovakia,2004,0.7616,0.8341
SVK,Slovakia,2012,0.8337,0.8642
SVK,Slovakia,2018,0.8329,0.881
SVK,Slovakia,2024,0.852,0.8976
SVN,Slovenia,1996,0.663,0.843
SVN,Slovenia,2004,0.8496,0.8759
SVN,Slovenia,2012,0.8802,0.9195
SVN,Slovenia,2018,0.9096,0.9363
SVN,Slovenia,2024,0.9172,0.9477
SLB,Solomon Islands,1996,,0.7191
SLB,Solomon Islands,2004,0.4825,0.7327
SLB,Solomon Islands,2012,0.4977,0.7532
SLB,Solomon Islands,2018,0.5089,0.7662
SLB,Solomon Islands,2024,0.5102,0.7774
SOM,Somalia,1996,,0.4696
SOM,Somalia,2004,,0.4721
SOM,Somalia,2012,,0.4483
SOM,Somalia,2018,,0.5349
SOM,Somalia,2024,0.2713,0.5972
ZAF,South Africa,1996,0.6302,0.632
ZAF,South Africa,2004,0.6232,0.5225
ZAF,South Africa,2012,0.7072,0.6421
ZAF,South Africa,2018,0.7496,0.7035
ZAF,South Africa,2024,0.7701,0.7098
SSD,South Sudan,1996,,0.1865
SSD,South Sudan,2004,,0.5085
SSD,South Sudan,2012,0.3367,0.5883
SSD,South Sudan,2018,0.3475,0.4908
SSD,South Sudan,2024,0.3475,0.5787
ESP,Spain,1996,0.6776,0.8975
ESP,Spain,2004,0.7306,0.9281
ESP,Spain,2012,0.7889,0.9568
ESP,Spain,2018,0.8246,0.9707
ESP,Spain,2024,0.8538,0.9795
LKA,Sri Lanka,1996,0.6567,0.7668
LKA,Sri Lanka,2004,0.7027,0.7388
LKA,Sri Lanka,2012,0.7188,0.849
LKA,Sri Lanka,2018,0.7319,0.869
LKA,Sri Lanka,2024,0.7237,0.8844
SDN,Sudan,1996,0.1941,0.579
SDN,Sudan,2004,0.2655,0.5657
SDN,Sudan,2012,0.32,0.6681
SDN,Sudan,2018,0.3554,0.7
SDN,Sudan,2024,0.3715,0.7128
SUR,Suriname,1996,,0.6628
SUR,Suriname,2004,0.5679,0.7133
SUR,Suriname,2012,0.5761,0.7686
SUR,Suriname,2018,0.5823,0.7918
SUR,Suriname,2024,0.5854,0.8251
SWE,Sweden,1996,0.8161,0.9084
SWE,Sweden,2004,0.851,0.9315
SWE,Sweden,2012,0.8533,0.9497
SWE,Sweden,2018,0.9183,0.962
SWE,Sweden,2024,0.9247,0.9733
CHE,Switzerland,1996,0.7521,0.9084
CHE,Switzerland,2004,0.7914,0.9393
CHE,Switzerland,2012,0.8867,0.9633
CHE,Switzerland,2018,0.9116,0.9779
CHE,Switzerland,2024,0.928,0.9839
SYR,Syrian Arab Republic,1996,0.4146,0.7716
SYR,Syrian Arab Republic,2004,0.4844,0.8076
SYR,Syrian Arab Republic,2012,0.5512,0.7109
SYR,Syrian Arab Republic,2018,0.4096,0.7288
SYR,Syrian Arab Republic,2024,0.4039,0.8018
TJK,Tajikistan,1996,0.6204,0.6278
TJK,Tajikistan,2004,0.6544,0.717
TJK,Tajikistan,2012,0.6777,0.7558
TJK,Tajikistan,2018,0.6815,0.7806
TJK,Tajikistan,2024,0.6771,0.7968
TZA,Tanzania (United Republic of),1996,0.2748,0.479
TZA,Tanzania (United Republic of),2004,0.3601,0.5667
TZA,Tanzania (United Republic of),2012,0.429,0.6506
TZA,Tanzania (United Republic of),2018,0.4177,0.6998
TZA,Tanzania (United Republic of),2024,0.4407,0.723
THA,Thailand,1996,0.4582,0.7683
THA,Thailand,2004,0.5768,0.8015
THA,Thailand,2012,0.6351,0.8552
THA,Thailand,2018,0.7163,0.8798
THA,Thailand,2024,0.728,0.8679
TLS,Timor-Leste,1996,,0.4348
TLS,Timor-Leste,2004,0.4527,0.6268
TLS,Timor-Leste,2012,0.5427,0.6828
TLS,Timor-Leste,2018,0.5548,0.7108
TLS,Timor-Leste,2024,0.5757,0.7337
TGO,Togo,1996,0.3385,0.5203
TGO,Togo,2004,0.3878,0.5476
TGO,Togo,2012,0.4597,0.5837
TGO,Togo,2018,0.5225,0.6246
TGO,Togo,2024,0.5592,0.6575
TON,Tonga,1996,0.6841,0.7508
TON,Tonga,2004,0.7334,0.7759
TON,Tonga,2012,0.8068,0.793
TON,Tonga,2018,0.839,0.8026
TON,Tonga,2024,0.8579,0.8138
TTO,Trinidad and Tobago,1996,0.5792,0.7391
TTO,Trinidad and Tobago,2004,0.6491,0.7674
TTO,Trinidad and Tobago,2012,0.7178,0.8079
TTO,Trinidad and Tobago,2018,0.7421,0.8101
TTO,Trinidad and Tobago,2024,0.7552,0.8229
TUN,Tunisia,1996,0.4568,0.7884
TUN,Tunisia,2004,0.5584,0.8234
TUN,Tunisia,2012,0.6179,0.84
TUN,Tunisia,2018,0.6572,0.8518
TUN,Tunisia,2024,0.6608,0.8694
TKM,Turkmenistan,1996,,0.6698
TKM,Turkmenistan,2004,,0.7085
TKM,Turkmenistan,2012,0.6597,0.7532
TKM,Turkmenistan,2018,0.7021,0.758
TKM,Turkmenistan,2024,0.7414,0.7704
TUV,Tuvalu,1996,0.5448,0.6571
TUV,Tuvalu,2004,0.5943,0.6768
TUV,Tuvalu,2012,0.6457,0.6935
TUV,Tuvalu,2018,0.6853,0.7057
TUV,Tuvalu,2024,0.7027,0.7247
TUR,Türkiye,1996,0.4309,0.773
TUR,Türkiye,2004,0.5316,0.8188
TUR,Türkiye,2012,0.6573,0.8546
TUR,Türkiye,2018,0.7817,0.8839
TUR,Türkiye,2024,0.7995,0.8793
UGA,Uganda,1996,0.2929,0.4271
UGA,Uganda,2004,0.4439,0.5184
UGA,Uganda,2012,0.4755,0.6397
UGA,Uganda,2018,0.5175,0.7042
UGA,Uganda,2024,0.532,0.7423
UKR,Ukraine,1996,0.6831,0.7246
UKR,Ukraine,2004,0.7704,0.7303
UKR,Ukraine,2012,0.7975,0.786
UKR,Ukraine,2018,0.7504,0.8241
UKR,Ukraine,2024,0.741,0.8219
ARE,United Arab Emirates,1996,0.5361,0.7972
ARE,United Arab Emirates,2004,0.5837,0.9273
ARE,United Arab Emirates,2012,0.6333,0.9525
ARE,United Arab Emirates,2018,0.7645,0.9608
ARE,United Arab Emirates,2024,0.8664,0.9678
GBR,United Kingdom,1996,0.7583,0.875
GBR,United Kingdom,2004,0.8504,0.9062
GBR,United Kingdom,2012,0.8809,0.9363
GBR,United Kingdom,2018,0.9203,0.9404
GBR,United Kingdom,2024,0.9444,0.9431
USA,United States,1996,0.8768,0.8642
USA,United States,2004,0.8709,0.8852
USA,United States,2012,0.8966,0.9049
USA,United States,2018,0.9123,0.9046
USA,United States,2024,0.906,0.9124
URY,Uruguay,1996,0.6198,0.8279
URY,Uruguay,2004,0.718,0.8511
URY,Uruguay,2012,0.7132,0.8722
URY,Uruguay,2018,0.7489,0.885
URY,Uruguay,2024,0.837,0.8944
UZB,Uzbekistan,1996,,0.6889
UZB,Uzbekistan,2004,0.6615,0.7262
UZB,Uzbekistan,2012,0.6944,0.7756
UZB,Uzbekistan,2018,0.7257,0.8
UZB,Uzbekistan,2024,0.7431,0.806
VUT,Vanuatu,1996,,0.7412
VUT,Vanuatu,2004,,0.7536
VUT,Vanuatu,2012,0.5125,0.7677
VUT,Vanuatu,2018,0.5517,0.7789
VUT,Vanuatu,2024,0.5675,0.792
VEN,Venezuela (Bolivarian Republic of),1996,0.5211,0.7988
VEN,Venezuela (Bolivarian Republic of),2004,0.5879,0.8116
VEN,Venezuela (Bolivarian Republic of),2012,0.6929,0.8167
VEN,Venezuela (Bolivarian Republic of),2018,0.7017,0.8099
VEN,Venezuela (Bolivarian Republic of),2024,0.6828,0.8079
VNM,Viet Nam,1996,0.4309,0.7892
VNM,Viet Nam,2004,0.5325,0.8163
VNM,Viet Nam,2012,0.6269,0.8271
VNM,Viet Nam,2018,0.6826,0.8323
VNM,Viet Nam,2024,0.7287,0.8398
YEM,Yemen,1996,0.2063,0.629
YEM,Yemen,2004,0.2885,0.6905
YEM,Yemen,2012,0.3401,0.7318
YEM,Yemen,2018,0.3566,0.7064
YEM,Yemen,2024,0.391,0.7584
ZMB,Zambia,1996,0.3939,0.3963
ZMB,Zambia,2004,0.46,0.4698
ZMB,Zambia,2012,0.5216,0.5954
ZMB,Zambia,2018,0.5402,0.6483
ZMB,Zambia,2024,0.5527,0.7131
ZWE,Zimbabwe,1996,0.4741,0.4459
ZWE,Zimbabwe,2004,0.5229,0.4007
ZWE,Zimbabwe,2012,0.5663,0.5444
ZWE,Zimbabwe,2018,0.5903,0.6293
ZWE,Zimbabwe,2024,0.6048,0.6581
